|entidad_superior|,|departamento|,|nit|,|origen_fondos|,|nombre|,|municipio|
|MUNICIPALIDAD DE RÍO BLANCO, SAN MARCOS|,|SAN MARCOS|,|6434126|,|12101228 - MUNICIPALIDAD DE RIO BLANCO|,|JAIRO VASQUEZ|,|RIO BLANCO|
|FIDEICOMISO PARA LA PLANIFICACION Y DESARROLLO DEL MUNICIPIO DE VILLA NUEVA|,|GUATEMALA|,|37253107|,|12100115 - MUNICIPALIDAD DE VILLA NUEVA|,|FIDEVILLANUEVA|,|VILLA NUEVA|
|MUNICIPALIDAD DE NUEVA SANTA ROSA, SANTA ROSA|,|SANTA ROSA|,|629524K|,|12100614 - MUNICIPALIDAD DE NUEVA SANTA ROSA|,|DEPARTAMENTO DE COMPRAS Y CONTRATACIONES MUNICIPALIDAD NVA, STA.ROSA|,|NUEVA SANTA ROSA|
|MUNICIPALIDAD DE TECULUTAN, ZACAPA|,|ZACAPA|,|6217583|,|12101905 - MUNICIPALIDAD DE TECULUTAN|,|DIRECCION MUNICIPAL DE PLANIFICACION|,|TECULUTAN|
|MUNICIPALIDAD DE LA DEMOCRACIA, ESCUINTLA|,|ESCUINTLA|,|4143957|,|12100503 - MUNICIPALIDAD DE LA DEMOCRACIA|,|UNIDAD FINANCIERA|,|LA DEMOCRACIA|
|MUNICIPALIDAD DE SAN JUAN ERMITA, CHIQUIMULA|,|CHIQUIMULA|,|6850189|,|12102003 - MUNICIPALIDAD DE SAN JUAN ERMITA|,|MUNICIPALIDAD SAN JUAN ERMITA, CHIQUIMULA|,|SAN JUAN ERMITA|
|MUNICIPALIDAD DE CHINAUTLA, GUATEMALA|,|GUATEMALA|,|2990555|,|12100106 - MUNICIPALIDAD DE CHINAUTLA|,|DEPARTAMENTO DE COMPRAS|,|CHINAUTLA|
|MUNICIPALIDAD DE SAN BARTOLO, TOTONICAPÁN|,|TOTONICAPAN|,|4208323|,|12100808 - MUNICIPALIDAD DE SAN BARTOLO|,|DIRECCION MUNICIPAL DE PLANIFICACION|,|SAN BARTOLO|
|MUNICIPALIDAD DE SALCAJA, QUETZALTENANGO|,|QUETZALTENANGO|,|5332621|,|12100902 - MUNICIPALIDAD DE SALCAJA|,|DIRECCION MUNICIPAL DE PLANIFICACION|,|SALCAJA|
|MUNICIPALIDAD DE SAN PEDRO AYAMPUC, GUATEMALA|,|GUATEMALA|,|6134513|,|12100107 - MUNICIPALIDAD DE SAN PEDRO AYAMPUC|,|OFICINA MUNICIPAL DE PLANIFICACION|,|SAN PEDRO AYAMPUC|
|UNIVERSIDAD DE SAN CARLOS DE GUATEMALA -USAC-|,|GUATEMALA|,|2551179|,|11300060 - UNIV. DE SAN CARLOS DE GUAT. -USAC-.|,|EFPEM-USAC.|,|GUATEMALA|
|UNIVERSIDAD DE SAN CARLOS DE GUATEMALA -USAC-|,|GUATEMALA|,|2551179|,|11300060 - UNIV. DE SAN CARLOS DE GUAT. -USAC-.|,|FACULTAD DE MEDICINA VETERINARIA Y ZOOTECNIA|,|GUATEMALA|
|UNIVERSIDAD DE SAN CARLOS DE GUATEMALA -USAC-|,|GUATEMALA|,|2551179|,|11300060 - UNIV. DE SAN CARLOS DE GUAT. -USAC-.|,|BIBLIOTECA CENTRAL.|,|GUATEMALA|
|UNIVERSIDAD DE SAN CARLOS DE GUATEMALA -USAC-|,|GUATEMALA|,|2551179|,|11300060 - UNIV. DE SAN CARLOS DE GUAT. -USAC-.|,|DIVISION DE PUBLICIDAD E INFORMACIÓN|,|GUATEMALA|
|UNIVERSIDAD DE SAN CARLOS DE GUATEMALA -USAC-|,|GUATEMALA|,|2551179|,|11300060 - UNIV. DE SAN CARLOS DE GUAT. -USAC-.|,|FACULTAD DE HUMANIDADES|,|GUATEMALA|
|UNIVERSIDAD DE SAN CARLOS DE GUATEMALA -USAC-|,|GUATEMALA|,|2551179|,|11300060 - UNIV. DE SAN CARLOS DE GUAT. -USAC-.|,|ESCUELA DE CIENCIAS PSICOLOGICAS.|,|GUATEMALA|
|UNIVERSIDAD DE SAN CARLOS DE GUATEMALA -USAC-|,|GUATEMALA|,|2551179|,|11300060 - UNIV. DE SAN CARLOS DE GUAT. -USAC-.|,|DIVISION DE SERVICIOS GENERALES|,|GUATEMALA|
|UNIVERSIDAD DE SAN CARLOS DE GUATEMALA -USAC-|,|GUATEMALA|,|2551179|,|11300060 - UNIV. DE SAN CARLOS DE GUAT. -USAC-.|,|RECTORIA.|,|GUATEMALA|
|UNIVERSIDAD DE SAN CARLOS DE GUATEMALA -USAC-|,|GUATEMALA|,|2551179|,|11300060 - UNIV. DE SAN CARLOS DE GUAT. -USAC-.|,|DIRECCION GENERAL DE DOCENCIA|,|GUATEMALA|
|UNIVERSIDAD DE SAN CARLOS DE GUATEMALA -USAC-|,|TOTONICAPAN|,|2551179|,|11300060 - UNIV. DE SAN CARLOS DE GUAT. -USAC-.|,|CENTRO UNIVERSITARIO DE TOTONICAPÁN|,|TOTONICAPAN|
|UNIVERSIDAD DE SAN CARLOS DE GUATEMALA -USAC-|,|GUATEMALA|,|2551179|,|11300060 - UNIV. DE SAN CARLOS DE GUAT. -USAC-.|,|FACULTAD DE AGRONOMIA.|,|GUATEMALA|
|UNIVERSIDAD DE SAN CARLOS DE GUATEMALA -USAC-|,|GUATEMALA|,|2551179|,|11300060 - UNIV. DE SAN CARLOS DE GUAT. -USAC-.|,|FACULTAD DE CIENCIAS QUIMICAS Y FARMACIA|,|GUATEMALA|
|UNIVERSIDAD DE SAN CARLOS DE GUATEMALA -USAC-|,|GUATEMALA|,|2551179|,|11300060 - UNIV. DE SAN CARLOS DE GUAT. -USAC-.|,|DIRECCIÓN GENERAL DE INVESTIGACIÓN/FONDO DE INVESTIGACION|,|GUATEMALA|
|UNIVERSIDAD DE SAN CARLOS DE GUATEMALA -USAC-|,|QUETZALTENANGO|,|2551179|,|11300060 - UNIV. DE SAN CARLOS DE GUAT. -USAC-.|,|CUNOC|,|QUETZALTENANGO|
|UNIVERSIDAD DE SAN CARLOS DE GUATEMALA -USAC-|,|ALTA VERAPAZ|,|2551179|,|11300060 - UNIV. DE SAN CARLOS DE GUAT. -USAC-.|,|CENTRO UNIVERSITARIO DEL NORTE - CUNOR -|,|COBAN|
|UNIVERSIDAD DE SAN CARLOS DE GUATEMALA -USAC-|,|GUATEMALA|,|2551179|,|11300060 - UNIV. DE SAN CARLOS DE GUAT. -USAC-.|,|INSTITUTO DE ANÁLISIS E INVESTIG. DE PROBLEMAS NACIONALES|,|GUATEMALA|
|UNIVERSIDAD DE SAN CARLOS DE GUATEMALA -USAC-|,|GUATEMALA|,|2551179|,|11300060 - UNIV. DE SAN CARLOS DE GUAT. -USAC-.|,|FACULTAD DE INGENIERIA.|,|GUATEMALA|
|UNIVERSIDAD DE SAN CARLOS DE GUATEMALA -USAC-|,|GUATEMALA|,|2551179|,|11300060 - UNIV. DE SAN CARLOS DE GUAT. -USAC-.|,|FACULTAD DE CIENCIAS JURIDICAS Y SOCIALES|,|GUATEMALA|
|UNIVERSIDAD DE SAN CARLOS DE GUATEMALA -USAC-|,|GUATEMALA|,|2551179|,|11300060 - UNIV. DE SAN CARLOS DE GUAT. -USAC-.|,|FACULTAD DE CIENCIAS ECONOMICAS|,|GUATEMALA|
|UNIVERSIDAD DE SAN CARLOS DE GUATEMALA -USAC-|,|GUATEMALA|,|2551179|,|11300060 - UNIV. DE SAN CARLOS DE GUAT. -USAC-.|,|FACULTAD DE CIENCIAS MÉDICAS|,|GUATEMALA|
|UNIVERSIDAD DE SAN CARLOS DE GUATEMALA -USAC-|,|PETEN|,|2551179|,|11300060 - UNIV. DE SAN CARLOS DE GUAT. -USAC-.|,|CENTRO UNIVERSITARIO DE PETEN -CUDEP-|,|SAN BENITO|
|UNIVERSIDAD DE SAN CARLOS DE GUATEMALA -USAC-|,|GUATEMALA|,|2551179|,|11300060 - UNIV. DE SAN CARLOS DE GUAT. -USAC-.|,|FACULTAD DE ODONTOLOGIA|,|GUATEMALA|
|UNIVERSIDAD DE SAN CARLOS DE GUATEMALA -USAC-|,|GUATEMALA|,|2551179|,|11300060 - UNIV. DE SAN CARLOS DE GUAT. -USAC-.|,|UNIDAD COMPRADORA CENTRAL / DEPARTAMENTO DE PROVEEDURÍA|,|GUATEMALA|
|MUNICIPALIDAD DE CONCEPCIÓN, SOLOLÁ|,|SOLOLA|,|6793371|,|12100708 - MUNICIPALIDAD DE CONCEPCION|,|TESORERIA MUNICIPAL CONCEPCION SOLOLA|,|CONCEPCION|
|SECRETARÍA DE INTELIGENCIA ESTRATÉGICA DEL ESTADO|,|GUATEMALA|,|12343056|,|11130016 - SECRETARIA DE INTELIGENCIA ESTRAT¿GICA DEL ESTADO|,|SECCION DE COMPRAS DA SIE|,|GUATEMALA|
|MINISTERIO DE FINANZAS PÚBLICAS|,|GUATEMALA|,|3378284|,|11130007 - MINISTERIO DE FINANZAS PÚBLICAS|,|DIRECCIÓN DE ASUNTOS ADMINISTRATIVOS|,|GUATEMALA|
|MINISTERIO DE FINANZAS PÚBLICAS|,|GUATEMALA|,|3378284|,|11130007 - MINISTERIO DE FINANZAS PÚBLICAS|,|DIRECCION DE CATASTRO Y AVALUO DE BIENES INMUEBLES -DICABI-|,|GUATEMALA|
|MINISTERIO DE FINANZAS PÚBLICAS|,|GUATEMALA|,|3378284|,|11130007 - MINISTERIO DE FINANZAS PÚBLICAS|,|DIRECCION DE CONTABILIDAD DEL ESTADO|,|GUATEMALA|
|MINISTERIO DE FINANZAS PÚBLICAS|,|GUATEMALA|,|3378284|,|11130007 - MINISTERIO DE FINANZAS PÚBLICAS|,|DIRECCION DE BIENES DEL ESTADO|,|GUATEMALA|
|MINISTERIO DE FINANZAS PÚBLICAS|,|GUATEMALA|,|3378284|,|11130007 - MINISTERIO DE FINANZAS PÚBLICAS|,|DIRECCIÓN DE TECNOLOGIAS DE LA INFORMACION|,|GUATEMALA|
|MINISTERIO DE FINANZAS PÚBLICAS|,|GUATEMALA|,|3378284|,|11130007 - MINISTERIO DE FINANZAS PÚBLICAS|,|TESORERIA NACIONAL|,|GUATEMALA|
|MINISTERIO DE FINANZAS PÚBLICAS|,|GUATEMALA|,|3378284|,|11130007 - MINISTERIO DE FINANZAS PÚBLICAS|,|DIRECCION TECNICA DEL PRESUPUESTO|,|GUATEMALA|
|ASOCIACION NACIONAL DE RAQUETBOL DE GUATEMALA|,|GUATEMALA|,|30157102|,|null|,|DEPARTAMENTO DE COMPRAS|,|GUATEMALA|
|ORGANISMO JUDICIAL|,|QUETZALTENANGO|,|3377725|,|11120002 - ORGANISMO JUDICIAL|,|UNIDAD DE COMPRAS REGIONAL DE QUETZALTENANGO|,|QUETZALTENANGO|
|ORGANISMO JUDICIAL|,|GUATEMALA|,|3377725|,|11120002 - ORGANISMO JUDICIAL|,|SECRETARIA DE COMUNICACION SOCIAL Y PROTOCOLO|,|GUATEMALA|
|ORGANISMO JUDICIAL|,|GUATEMALA|,|3377725|,|11120002 - ORGANISMO JUDICIAL|,|DEPARTAMENTO DE ADQUISICIONES DE BIENES Y SERVICIOS|,|GUATEMALA|
|FEDERACION NACIONAL DE BALONMANO.|,|GUATEMALA|,|6688195|,|11300076 - FEDERACION NACIONAL DE BALONMANO|,|FEDERACION NACIONAL DE BALONMANO|,|GUATEMALA|
|MINISTERIO DE TRABAJO Y PREVISIÓN SOCIAL|,|GUATEMALA|,|3440168|,|11130010 - MINISTERIO DE TRABAJO Y PREVISIÓN SOCIAL|,|CONTRATACIONES Y ADQUISICIONES|,|GUATEMALA|
|EMPRESA MUNICIPAL DE TRANSPORTE DE LA CIUDAD DE GUATEMALA|,|GUATEMALA|,|25907026|,|21200097 - EMPRESA MUNICIPAL DE TRANSPORTE DE LA CIUDAD DE GUATEMALA|,|EMT|,|GUATEMALA|
|MUNICIPALIDAD DE JUTIAPA, JUTIAPA|,|JUTIAPA|,|2289520|,|12102201 - MUNICIPALIDAD DE JUTIAPA|,|OFICINA DE PROYECTOS MUNI|,|JUTIAPA|
|MUNICIPALIDAD DE SAN MARTÍN SACATEPEQUEZ, QUETZALTENANGO|,|QUETZALTENANGO|,|7567561|,|12100912 - MUNICIPALIDAD DE SAN MARTMN SACATEPEQUEZ|,|MUNICIPALIDAD DE SAN MARTIN SACATEPEQUEZ|,|SAN MARTIN SACATEPEQUEZ|
|SECRETARÍA DE COORDINACIÓN EJECUTIVA DE LA PRESIDENCIA|,|QUETZALTENANGO|,|6881173|,|11130016 - SECRETARÍA DE COORDINACION  EJECUTIVA  DE LA PRESIDENCIA|,|CONSEJO REGIONAL DE DESARROLLO URBANO Y RURAL, REGION VI SUROCCIDENTE|,|QUETZALTENANGO|
|SECRETARÍA DE COORDINACIÓN EJECUTIVA DE LA PRESIDENCIA|,|GUATEMALA|,|6881173|,|11130016 - SECRETARÍA DE COORDINACION  EJECUTIVA  DE LA PRESIDENCIA|,|DEPARTAMENTO FINANCIERO SCEP-CENTRAL|,|GUATEMALA|
|SECRETARÍA DE COORDINACIÓN EJECUTIVA DE LA PRESIDENCIA|,|GUATEMALA|,|6881173|,|11130016 - SECRETARÍA DE COORDINACION  EJECUTIVA  DE LA PRESIDENCIA|,|CONSEJO DEPARTAMENTAL DE DESARROLLO GUATEMALA|,|GUATEMALA|
|MUNICIPALIDAD DE SAN PEDRO SACATEPEQUEZ, GUATEMALA|,|GUATEMALA|,|6200184|,|12100109 - MUNICIPALIDAD DE SANPEDRO SACATEPEQUEZ|,|DIRECCIÓN DE ADMINISTRACIÓN FINANCIERA INTEGRADA MUNICIPAL|,|SAN PEDRO SACATEPEQUEZ|
|SECRETARÍA DE PLANIFICACIÓN Y PROGRAMACIÓN DE LA PRESIDENCIA|,|GUATEMALA|,|16369823|,|11130016 - SECRETARÍA DE PLANIFICACION Y PROGRAMACION DE LA PRESIDENCIA|,|SECRETARIA DE PLANIFICACION Y PROGRAMACION DE LA PRESIDENCIA|,|GUATEMALA|
|MUNICIPALIDAD DE MORAZAN, EL PROGRESO|,|EL PROGRESO|,|618085K|,|12100202 - MUNICIPALIDAD DE MORAZAN|,|OFICINA MUNICIPAL DE PLANIFICACION|,|MORAZAN|
|MUNICIPALIDAD DE OLINTEPEQUE, QUETZALTENANGO|,|QUETZALTENANGO|,|6720749|,|12100903 - MUNICIPALIDAD DE OLINTEPEQUE|,|UNIDAD DE COMPRAS|,|OLINTEPEQUE|
|MUNICIPALIDAD DE RETALHULEU, RETALHULEU|,|RETALHULEU|,|4273109|,|12101101 - MUNICIPALIDAD DE RETALHULEU|,|UNIDAD DE COMPRAS|,|RETALHULEU|
|CONFEDERACIÓN DEPORTIVA AUTÓNOMA DE GUATEMALA -CDAG-|,|GUATEMALA|,|954454|,|11300061 - CONFED. DEPORTIVA AUT. DE GUAT. -CDAG-.|,|UNIDAD DE COMPRAS CDAG|,|GUATEMALA|
|INSTITUTO GUATEMALTECO DE SEGURIDAD SOCIAL -IGSS-|,|GUATEMALA|,|2342855|,|11400068 - INST. GUAT. DE SEGURIDAD SOCIAL -IGSS-|,|UNIDAD PERIFERICA ZONA 11|,|GUATEMALA|
|INSTITUTO GUATEMALTECO DE SEGURIDAD SOCIAL -IGSS-|,|SACATEPEQUEZ|,|2342855|,|11400068 - INST. GUAT. DE SEGURIDAD SOCIAL -IGSS-|,|CONSULTORIO ANTIGUA GUATEMALA, SACATEPEQUEZ|,|ANTIGUA GUATEMALA|
|INSTITUTO GUATEMALTECO DE SEGURIDAD SOCIAL -IGSS-|,|GUATEMALA|,|2342855|,|11400068 - INST. GUAT. DE SEGURIDAD SOCIAL -IGSS-|,|DIVISION DE TRANSPORTES|,|GUATEMALA|
|INSTITUTO GUATEMALTECO DE SEGURIDAD SOCIAL -IGSS-|,|IZABAL|,|2342855|,|11400068 - INST. GUAT. DE SEGURIDAD SOCIAL -IGSS-|,|HOSPITAL DEPARTAMENTAL PUERTO BARRIOS, IZABAL|,|PUERTO BARRIOS|
|INSTITUTO GUATEMALTECO DE SEGURIDAD SOCIAL -IGSS-|,|GUATEMALA|,|2342855|,|11400068 - INST. GUAT. DE SEGURIDAD SOCIAL -IGSS-|,|DEPARTAMENTO DE SERVICIOS DE APOYO|,|GUATEMALA|
|INSTITUTO GUATEMALTECO DE SEGURIDAD SOCIAL -IGSS-|,|HUEHUETENANGO|,|2342855|,|11400068 - INST. GUAT. DE SEGURIDAD SOCIAL -IGSS-|,|HOSPITAL DE HUEHUETENANGO, HUEHUETENANGO|,|HUEHUETENANGO|
|INSTITUTO GUATEMALTECO DE SEGURIDAD SOCIAL -IGSS-|,|GUATEMALA|,|2342855|,|11400068 - INST. GUAT. DE SEGURIDAD SOCIAL -IGSS-|,|CONSULTORIO VILLA NUEVA, GUATEMALA|,|VILLA NUEVA|
|INSTITUTO GUATEMALTECO DE SEGURIDAD SOCIAL -IGSS-|,|GUATEMALA|,|2342855|,|11400068 - INST. GUAT. DE SEGURIDAD SOCIAL -IGSS-|,|UNIDAD DE CONSULTA EXTERNA DE ENFERMEDADES|,|GUATEMALA|
|INSTITUTO GUATEMALTECO DE SEGURIDAD SOCIAL -IGSS-|,|GUATEMALA|,|2342855|,|11400068 - INST. GUAT. DE SEGURIDAD SOCIAL -IGSS-|,|HOSPITAL DR. JUAN JOSE AREVALO BERMEJO|,|GUATEMALA|
|INSTITUTO GUATEMALTECO DE SEGURIDAD SOCIAL -IGSS-|,|SANTA ROSA|,|2342855|,|11400068 - INST. GUAT. DE SEGURIDAD SOCIAL -IGSS-|,|CONSULTORIO DE GUAZACAPÁN|,|GUAZACAPAN|
|INSTITUTO GUATEMALTECO DE SEGURIDAD SOCIAL -IGSS-|,|QUETZALTENANGO|,|2342855|,|11400068 - INST. GUAT. DE SEGURIDAD SOCIAL -IGSS-|,|HOSPITAL DE COLOMBA, QUETZALTENANGO|,|COLOMBA|
|INSTITUTO GUATEMALTECO DE SEGURIDAD SOCIAL -IGSS-|,|SUCHITEPEQUEZ|,|2342855|,|11400068 - INST. GUAT. DE SEGURIDAD SOCIAL -IGSS-|,|HOSPITAL DE PATULUL, SUCHITEPEQUEZ|,|PATULUL|
|INSTITUTO GUATEMALTECO DE SEGURIDAD SOCIAL -IGSS-|,|SAN MARCOS|,|2342855|,|11400068 - INST. GUAT. DE SEGURIDAD SOCIAL -IGSS-|,|HOSPITAL DE MALACATAN, SAN MARCOS|,|MALACATAN|
|INSTITUTO GUATEMALTECO DE SEGURIDAD SOCIAL -IGSS-|,|GUATEMALA|,|2342855|,|11400068 - INST. GUAT. DE SEGURIDAD SOCIAL -IGSS-|,|UNIDAD ASISTENCIAL AMATITLAN, GUATEMALA|,|AMATITLAN|
|INSTITUTO GUATEMALTECO DE SEGURIDAD SOCIAL -IGSS-|,|ESCUINTLA|,|2342855|,|11400068 - INST. GUAT. DE SEGURIDAD SOCIAL -IGSS-|,|CONSULTORIO PUERTO DE SAN JOSE, ESCUINTLA|,|PUERTO SAN JOSE|
|INSTITUTO GUATEMALTECO DE SEGURIDAD SOCIAL -IGSS-|,|GUATEMALA|,|2342855|,|11400068 - INST. GUAT. DE SEGURIDAD SOCIAL -IGSS-|,|UNIDAD PERIFERICA ZONA 5|,|GUATEMALA|
|INSTITUTO GUATEMALTECO DE SEGURIDAD SOCIAL -IGSS-|,|SANTA ROSA|,|2342855|,|11400068 - INST. GUAT. DE SEGURIDAD SOCIAL -IGSS-|,|HOSPITAL DE CUILAPA, SANTA ROSA|,|CUILAPA|
|INSTITUTO GUATEMALTECO DE SEGURIDAD SOCIAL -IGSS-|,|GUATEMALA|,|2342855|,|11400068 - INST. GUAT. DE SEGURIDAD SOCIAL -IGSS-|,|CONSULTORIO VILLA CANALES, GUATEMALA|,|VILLA CANALES|
|INSTITUTO GUATEMALTECO DE SEGURIDAD SOCIAL -IGSS-|,|IZABAL|,|2342855|,|11400068 - INST. GUAT. DE SEGURIDAD SOCIAL -IGSS-|,|CONSULTORIO LOS AMATES, IZABAL|,|LOS AMATES|
|INSTITUTO GUATEMALTECO DE SEGURIDAD SOCIAL -IGSS-|,|GUATEMALA|,|2342855|,|11400068 - INST. GUAT. DE SEGURIDAD SOCIAL -IGSS-|,|CENTRO DE ATENCION MEDICA INTEGRAL PARA PENSIONADOS (CAMIP)|,|GUATEMALA|
|INSTITUTO GUATEMALTECO DE SEGURIDAD SOCIAL -IGSS-|,|GUATEMALA|,|2342855|,|11400068 - INST. GUAT. DE SEGURIDAD SOCIAL -IGSS-|,|UNIDAD DE CONSULTA EXTERNA DE ESPECIALIDADES MEDICO-QUIRURGICAS "GERONA"|,|GUATEMALA|
|INSTITUTO GUATEMALTECO DE SEGURIDAD SOCIAL -IGSS-|,|GUATEMALA|,|2342855|,|11400068 - INST. GUAT. DE SEGURIDAD SOCIAL -IGSS-|,|SUBGERENCIA DE RECURSOS HUMANOS|,|GUATEMALA|
|INSTITUTO GUATEMALTECO DE SEGURIDAD SOCIAL -IGSS-|,|GUATEMALA|,|2342855|,|11400068 - INST. GUAT. DE SEGURIDAD SOCIAL -IGSS-|,|HOSPITAL DE REHABILITACION|,|GUATEMALA|
|INSTITUTO GUATEMALTECO DE SEGURIDAD SOCIAL -IGSS-|,|ALTA VERAPAZ|,|2342855|,|11400068 - INST. GUAT. DE SEGURIDAD SOCIAL -IGSS-|,|HOSPITAL COBAN, ALTA VERAPAZ|,|COBAN|
|INSTITUTO GUATEMALTECO DE SEGURIDAD SOCIAL -IGSS-|,|QUETZALTENANGO|,|2342855|,|11400068 - INST. GUAT. DE SEGURIDAD SOCIAL -IGSS-|,|HOSPITAL DE COATEPEQUE, QUETZALTENANGO|,|COATEPEQUE|
|INSTITUTO GUATEMALTECO DE SEGURIDAD SOCIAL -IGSS-|,|SUCHITEPEQUEZ|,|2342855|,|11400068 - INST. GUAT. DE SEGURIDAD SOCIAL -IGSS-|,|HOSPITAL DE CHICACAO, SUCHITEPEQUEZ|,|CHICACAO|
|INSTITUTO GUATEMALTECO DE SEGURIDAD SOCIAL -IGSS-|,|CHIMALTENANGO|,|2342855|,|11400068 - INST. GUAT. DE SEGURIDAD SOCIAL -IGSS-|,|HOSPITAL CHIMALTENANGO, CHIMALTENANGO|,|CHIMALTENANGO|
|INSTITUTO GUATEMALTECO DE SEGURIDAD SOCIAL -IGSS-|,|GUATEMALA|,|2342855|,|11400068 - INST. GUAT. DE SEGURIDAD SOCIAL -IGSS-|,|CENTRO DE ATENCION MEDICA INTEGRAL PARA PENSIONADOS, CAMIP 2 BARRANQUILLA|,|GUATEMALA|
|INSTITUTO GUATEMALTECO DE SEGURIDAD SOCIAL -IGSS-|,|QUETZALTENANGO|,|2342855|,|11400068 - INST. GUAT. DE SEGURIDAD SOCIAL -IGSS-|,|HOSPITAL DE QUETZALTENANGO|,|QUETZALTENANGO|
|INSTITUTO GUATEMALTECO DE SEGURIDAD SOCIAL -IGSS-|,|GUATEMALA|,|2342855|,|11400068 - INST. GUAT. DE SEGURIDAD SOCIAL -IGSS-|,|SUBGERENCIA ADMINISTRATIVA|,|GUATEMALA|
|INSTITUTO GUATEMALTECO DE SEGURIDAD SOCIAL -IGSS-|,|ESCUINTLA|,|2342855|,|11400068 - INST. GUAT. DE SEGURIDAD SOCIAL -IGSS-|,|HOSPITAL SANTA LUCIA COTZUMALGUAPA, ESCUINTLA|,|SANTA LUC!A COTZUMALGUAPA|
|INSTITUTO GUATEMALTECO DE SEGURIDAD SOCIAL -IGSS-|,|JUTIAPA|,|2342855|,|11400068 - INST. GUAT. DE SEGURIDAD SOCIAL -IGSS-|,|CONSULTORIO JUTIAPA, JUTIAPA|,|JUTIAPA|
|INSTITUTO GUATEMALTECO DE SEGURIDAD SOCIAL -IGSS-|,|GUATEMALA|,|2342855|,|11400068 - INST. GUAT. DE SEGURIDAD SOCIAL -IGSS-|,|SUBGERENCIA DE PRESTACIONES EN SALUD|,|GUATEMALA|
|INSTITUTO GUATEMALTECO DE SEGURIDAD SOCIAL -IGSS-|,|BAJA VERAPAZ|,|2342855|,|11400068 - INST. GUAT. DE SEGURIDAD SOCIAL -IGSS-|,|CONSULTORIO SALAMA, BAJA VERAPAZ|,|SALAMA|
|INSTITUTO GUATEMALTECO DE SEGURIDAD SOCIAL -IGSS-|,|RETALHULEU|,|2342855|,|11400068 - INST. GUAT. DE SEGURIDAD SOCIAL -IGSS-|,|CONSULTORIO PUERTO DE CHAMPERICO, RETALHULEU|,|CHAMPERICO|
|INSTITUTO GUATEMALTECO DE SEGURIDAD SOCIAL -IGSS-|,|GUATEMALA|,|2342855|,|11400068 - INST. GUAT. DE SEGURIDAD SOCIAL -IGSS-|,|CENTRO DE ATENCIÓN MÉDICA INTEGRAL PARA PENSIONADOS "CAMIP 3 ZUNIL"|,|MIXCO|
|INSTITUTO GUATEMALTECO DE SEGURIDAD SOCIAL -IGSS-|,|ESCUINTLA|,|2342855|,|11400068 - INST. GUAT. DE SEGURIDAD SOCIAL -IGSS-|,|HOSPITAL TIQUISATE, ESCUINTLA|,|PUEBLO NUEVO TIQUISATE|
|INSTITUTO GUATEMALTECO DE SEGURIDAD SOCIAL -IGSS-|,|GUATEMALA|,|2342855|,|11400068 - INST. GUAT. DE SEGURIDAD SOCIAL -IGSS-|,|HOSPITAL DE GINECO OBSTETRICIA|,|GUATEMALA|
|INSTITUTO GUATEMALTECO DE SEGURIDAD SOCIAL -IGSS-|,|QUICHE|,|2342855|,|11400068 - INST. GUAT. DE SEGURIDAD SOCIAL -IGSS-|,|CONSULTORIO SANTA CRUZ DEL QUICHE, QUICHE|,|SANTA CRUZ DEL QUICHE|
|INSTITUTO GUATEMALTECO DE SEGURIDAD SOCIAL -IGSS-|,|GUATEMALA|,|2342855|,|11400068 - INST. GUAT. DE SEGURIDAD SOCIAL -IGSS-|,|SUBGERENCIA FINANCIERA|,|GUATEMALA|
|INSTITUTO GUATEMALTECO DE SEGURIDAD SOCIAL -IGSS-|,|GUATEMALA|,|2342855|,|11400068 - INST. GUAT. DE SEGURIDAD SOCIAL -IGSS-|,|DIVISION DE MANTENIMIENTO|,|GUATEMALA|
|INSTITUTO GUATEMALTECO DE SEGURIDAD SOCIAL -IGSS-|,|GUATEMALA|,|2342855|,|11400068 - INST. GUAT. DE SEGURIDAD SOCIAL -IGSS-|,|CONSULTORIO IGSS FCA. SANTA LEONARDA VILLA CANALES|,|VILLA CANALES|
|INSTITUTO GUATEMALTECO DE SEGURIDAD SOCIAL -IGSS-|,|EL PROGRESO|,|2342855|,|11400068 - INST. GUAT. DE SEGURIDAD SOCIAL -IGSS-|,|CONSULTORIO GUASTATOYA, EL PROGRESO|,|GUASTATOYA|
|INSTITUTO GUATEMALTECO DE SEGURIDAD SOCIAL -IGSS-|,|ESCUINTLA|,|2342855|,|11400068 - INST. GUAT. DE SEGURIDAD SOCIAL -IGSS-|,|CONSULTORIO MASAGUA, ESCUINTLA|,|MASAGUA|
|INSTITUTO GUATEMALTECO DE SEGURIDAD SOCIAL -IGSS-|,|RETALHULEU|,|2342855|,|11400068 - INST. GUAT. DE SEGURIDAD SOCIAL -IGSS-|,|HOSPITAL DE RETALHULEU|,|RETALHULEU|
|INSTITUTO GUATEMALTECO DE SEGURIDAD SOCIAL -IGSS-|,|ESCUINTLA|,|2342855|,|11400068 - INST. GUAT. DE SEGURIDAD SOCIAL -IGSS-|,|HOSPITAL DE ESCUINTLA|,|ESCUINTLA|
|INSTITUTO GUATEMALTECO DE SEGURIDAD SOCIAL -IGSS-|,|GUATEMALA|,|2342855|,|11400068 - INST. GUAT. DE SEGURIDAD SOCIAL -IGSS-|,|SUBGERENCIA DE PRESTACIONES PECUNIARIAS|,|GUATEMALA|
|INSTITUTO GUATEMALTECO DE SEGURIDAD SOCIAL -IGSS-|,|TOTONICAPAN|,|2342855|,|11400068 - INST. GUAT. DE SEGURIDAD SOCIAL -IGSS-|,|CONSULTORIO DE TOTONICAPAN, TOTONICAPAN|,|TOTONICAPAN|
|INSTITUTO GUATEMALTECO DE SEGURIDAD SOCIAL -IGSS-|,|SUCHITEPEQUEZ|,|2342855|,|11400068 - INST. GUAT. DE SEGURIDAD SOCIAL -IGSS-|,|HOSPITAL DE MAZATENANGO|,|MAZATENANGO|
|INSTITUTO GUATEMALTECO DE SEGURIDAD SOCIAL -IGSS-|,|GUATEMALA|,|2342855|,|11400068 - INST. GUAT. DE SEGURIDAD SOCIAL -IGSS-|,|SUBGERENCIA DE INTEGRIDAD Y TRANSPARENCIA ADMINISTRATIVA|,|GUATEMALA|
|INSTITUTO GUATEMALTECO DE SEGURIDAD SOCIAL -IGSS-|,|GUATEMALA|,|2342855|,|11400068 - INST. GUAT. DE SEGURIDAD SOCIAL -IGSS-|,|HOSPITAL GENERAL DE ACCIDENTES CEIBAL|,|MIXCO|
|INSTITUTO GUATEMALTECO DE SEGURIDAD SOCIAL -IGSS-|,|ZACAPA|,|2342855|,|11400068 - INST. GUAT. DE SEGURIDAD SOCIAL -IGSS-|,|CONSULTORIO ZACAPA, ZACAPA|,|ZACAPA|
|INSTITUTO GUATEMALTECO DE SEGURIDAD SOCIAL -IGSS-|,|GUATEMALA|,|2342855|,|11400068 - INST. GUAT. DE SEGURIDAD SOCIAL -IGSS-|,|POLICLINICA|,|GUATEMALA|
|INSTITUTO GUATEMALTECO DE SEGURIDAD SOCIAL -IGSS-|,|CHIQUIMULA|,|2342855|,|11400068 - INST. GUAT. DE SEGURIDAD SOCIAL -IGSS-|,|CONSULTORIO CHIQUIMULA, CHIQUIMULA|,|CHIQUIMULA|
|INSTITUTO GUATEMALTECO DE SEGURIDAD SOCIAL -IGSS-|,|SAN MARCOS|,|2342855|,|11400068 - INST. GUAT. DE SEGURIDAD SOCIAL -IGSS-|,|CONSULTORIO DE SAN MARCOS, SAN MARCOS|,|SAN MARCOS|
|INSTITUTO GUATEMALTECO DE SEGURIDAD SOCIAL -IGSS-|,|CHIMALTENANGO|,|2342855|,|11400068 - INST. GUAT. DE SEGURIDAD SOCIAL -IGSS-|,|HOSPITAL DE POCHUTA, CHIMALTENANGO|,|POCHUTA|
|INSTITUTO GUATEMALTECO DE SEGURIDAD SOCIAL -IGSS-|,|SOLOLA|,|2342855|,|11400068 - INST. GUAT. DE SEGURIDAD SOCIAL -IGSS-|,|CONSULTORIO SOLOLA Y SALA ANEXA HOSPITAL NACIONAL|,|SOLOLA|
|INSTITUTO GUATEMALTECO DE SEGURIDAD SOCIAL -IGSS-|,|ESCUINTLA|,|2342855|,|11400068 - INST. GUAT. DE SEGURIDAD SOCIAL -IGSS-|,|CONSULTORIO LA GOMERA, ESCUINTLA|,|LA GOMERA|
|INSTITUTO GUATEMALTECO DE SEGURIDAD SOCIAL -IGSS-|,|PETEN|,|2342855|,|11400068 - INST. GUAT. DE SEGURIDAD SOCIAL -IGSS-|,|SALA ANEXA HOSPITAL NACIONAL SAN BENITO PETEN, PETEN|,|CIUDAD FLORES|
|INSTITUTO GUATEMALTECO DE SEGURIDAD SOCIAL -IGSS-|,|GUATEMALA|,|2342855|,|11400068 - INST. GUAT. DE SEGURIDAD SOCIAL -IGSS-|,|HOSPITAL GENERAL DE ENFERMEDADES|,|GUATEMALA|
|INSTITUTO GUATEMALTECO DE SEGURIDAD SOCIAL -IGSS-|,|GUATEMALA|,|2342855|,|11400068 - INST. GUAT. DE SEGURIDAD SOCIAL -IGSS-|,|UNIDAD ASISTENCIAL SAN JUAN SACATEPEQUEZ, GUATEMALA|,|SAN JUAN SACATEPEQUEZ|
|INSTITUTO GUATEMALTECO DE SEGURIDAD SOCIAL -IGSS-|,|GUATEMALA|,|2342855|,|11400068 - INST. GUAT. DE SEGURIDAD SOCIAL -IGSS-|,|CONSULTORIO SAN JOSÉ PINULA, GUATEMALA|,|SAN JOSE PINULA|
|INSTITUTO GUATEMALTECO DE SEGURIDAD SOCIAL -IGSS-|,|SUCHITEPEQUEZ|,|2342855|,|11400068 - INST. GUAT. DE SEGURIDAD SOCIAL -IGSS-|,|DIRECCION DEPARTAMENTAL DE SUCHITEPEQUEZ|,|MAZATENANGO|
|INSTITUTO GUATEMALTECO DE SEGURIDAD SOCIAL -IGSS-|,|GUATEMALA|,|2342855|,|11400068 - INST. GUAT. DE SEGURIDAD SOCIAL -IGSS-|,|CENTRO DE ATENCION INTEGRAL DE SALUD MENTAL|,|GUATEMALA|
|MUNICIPALIDAD DE JEREZ, JUTIAPA|,|JUTIAPA|,|6996329|,|12102208 - MUNICIPALIDAD DE JEREZ|,|OFICINA DE PLANIFICACION MUNICIPAL|,|JEREZ|
|MUNICIPALIDAD DE JEREZ, JUTIAPA|,|JUTIAPA|,|6996329|,|12102208 - MUNICIPALIDAD DE JEREZ|,|DIRECCION DE ADMINISTRACION FINANCIERA INTEGRADA MUNICIPAL|,|JEREZ|
|MUNICIPALIDAD DE EL QUETZAL, SAN MARCOS|,|SAN MARCOS|,|6205445|,|12101220 - MUNICIPALIDAD DE EL QUETZAL|,|MUNCIPALIDAD DE EL QUETZAL|,|EL QUETZAL|
|SECRETARÍA CONTRA LA VIOLENCIA SEXUAL, EXPLOTACION Y TRATA DE PERSONAS|,|GUATEMALA|,|74639234|,|11130016 - SECRETARIA CONTRA LA VIOLENCIA SEXUAL, EXPLOTACION Y TRATA DE PERSONAS|,|UNIDAD DE COMPRAS SVET|,|GUATEMALA|
|ASOCIACIÓN DE DESARROLLO INTEGRAL DE MUNICIPALIDADES DEL ALTIPLANO MARQUENSE -ADIMAM-|,|SAN MARCOS|,|19709579|,|null|,|ADIMAM|,|SAN MARCOS|
|INSTITUTO NACIONAL DE ELECTRIFICACIÓN -INDE|,|QUETZALTENANGO|,|2455404|,|21100080 - INST. NACIONAL DE ELECTRIFICACISN -INDE|,|EMPRESA ETCEE SISTEMA OCCIDENTAL|,|QUETZALTENANGO|
|INSTITUTO NACIONAL DE ELECTRIFICACIÓN -INDE|,|GUATEMALA|,|2455404|,|21100080 - INST. NACIONAL DE ELECTRIFICACISN -INDE|,|EMPRESA ETCEE SISTEMA CENTRAL|,|VILLA NUEVA|
|INSTITUTO NACIONAL DE ELECTRIFICACIÓN -INDE|,|CHIQUIMULA|,|2455404|,|21100080 - INST. NACIONAL DE ELECTRIFICACISN -INDE|,|EMPRESA ETCEE SISTEMA ORIENTAL|,|CHIQUIMULA|
|MUNICIPALIDAD DE SANSARE, EL PROGRESO|,|EL PROGRESO|,|6958540|,|12100206 - MUNICIPALIDAD DE SANSARE|,|MUNICIPALIDAD DE SANSARE|,|SANSARE|
|MUNICIPALIDAD DE EL ADELANTO, JUTIAPA|,|JUTIAPA|,|6506720|,|12102209 - MUNICIPALIDAD DE EL ADELANTO|,|DIRECCION FINANCIERA MUNICIPAL|,|EL ADELANTO|
|CONSEJO NACIONAL DE ÁREAS PROTEGIDAS|,|GUATEMALA|,|6632580|,|11130016 - CONSEJO NACIONAL DE AREAS PROTEGIDAS|,|DEPARTAMENTO DE COMPRAS|,|GUATEMALA|
|INST PARA LA INVEST CIENT Y LA EDUC ACERCA DE LAS ENFERM GEN Y METAB HUM ROZAS BOTRAN ONG|,|SACATEPEQUEZ|,|79408974|,|null|,|INVEGEM ONG|,|SANTA LUCIA MILPAS ALTAS|
|MUNICIPALIDAD DE SAN JUAN BAUTISTA, SUCHITEPÉQUEZ|,|SUCHITEPEQUEZ|,|6677533|,|12101016 - MUNICIPALIDAD DE SAN JUAN BAUTISTA|,|OFICINA MUNICIPAL DE COMPRAS DE SAN JUAN BAUTISTA, SUCHITEPEQUEZ|,|SAN JUAN BAUTISTA|
|SUPERINTENDENCIA DE BANCOS -SIB-|,|GUATEMALA|,|1952684|,|22210033 - SUPERINTENDENCIA DE BANCOS -SIB-|,|COMPRAS -SIB-|,|GUATEMALA|
|PROCURADURIA DE LOS DERECHOS HUMANOS|,|GUATEMALA|,|6628168|,|11150025 - PROCURADURIA DE LOS DERECHOS HUMANOS.|,|SECCIÓN DE COMPRAS|,|GUATEMALA|
|MUNICIPALIDAD DE LA DEMOCRACIA, HUEHUETENANGO|,|HUEHUETENANGO|,|5986281|,|12101312 - MUNICIPALIDAD DE LA DEMOCRACIA|,|UNIDAD DE COMPRAS|,|LA DEMOCRACIA|
|INSTITUTO NACIONAL DE ADMINISTRACION PUBLICA INAP|,|GUATEMALA|,|3440737|,|11200032 - INST. NAC. DE ADMINISTRACION  PUBLICA  -INAP-|,|COMPRAS|,|GUATEMALA|
|OFICINA NACIONAL DE SERVICIO CIVIL|,|GUATEMALA|,|2337762|,|11130016 - OFICINA NACIONAL DE SERVICIO CIVIL|,|DEPARTAMENTO DE ADMINISTRACION INTERNA ONSEC|,|GUATEMALA|
|SECRETARÍA DE ASUNTOS ADMINISTRATIVOS Y DE SEGURIDAD DE LA PRESIDENCIA -SAASP-|,|GUATEMALA|,|23714859|,|11130003 - SECRETARÍA DE ASUNTOS ADM.Y DE SEG.DE LA PRESIDENCIA|,|SECRETARIA DE ASUNTOS ADMINISTRATIVOS Y SEGURIDAD -SAAS-|,|GUATEMALA|
|MUNICIPALIDAD DE COATEPEQUE, QUETZALTENANGO|,|QUETZALTENANGO|,|6251897|,|12100920 - MUNICIPALIDAD DE COATEPEQUE|,|DIRECCION DE ADMINISTRACIÓN FINANCIERA INTEGRADA MUNICIPAL|,|COATEPEQUE|
|INSTITUTO GUATEMALTECO DE TURISMO -INGUAT-|,|GUATEMALA|,|3441008|,|11200053 - INST. GUATEMALTECO DE TURISMO -INGUAT-|,|SECCIÓN DE COMPRAS|,|GUATEMALA|
|BENEMÉRITO CUERPO DE BOMBEROS MUNICIPALES|,|GUATEMALA|,|6636950|,|null|,|DEPARTAMENTO DE COMPRAS DEL C.B.M.|,|GUATEMALA|
|MUNICIPALIDAD DE FLORES COSTA CUCA, QUETZALTENANGO|,|QUETZALTENANGO|,|624775K|,|12100922 - MUNICIPALIDAD DE FLORES COSTA CUCA|,|DIRECCION MUNICIPAL DE PLANIFICACION FLORES C.C.|,|FLORES COSTA CUCA|
|REGISTRO DE INFORMACIÓN CATASTRAL|,|GUATEMALA|,|44916825|,|11140065 - REGISTRO DE INFORMACION CATASTRAL DE GUATEMALA -RIC-|,|REGISTRO DE INFORMACION CATASTRAL DE GUATEMALA 101|,|GUATEMALA|
|CONGRESO DE LA REPÚBLICA|,|GUATEMALA|,|3377709|,|11110001 - CONGRESO DE LA REPUBLICA|,|DEPARTAMENTO DE COMPRAS|,|GUATEMALA|
|MUNICIPALIDAD DE IPALA, CHIQUIMULA|,|CHIQUIMULA|,|5563046|,|12102011 - MUNICIPALIDAD DE IPALA|,|DEPARTAMENTO DE COMPRAS|,|IPALA|
|FIDEICOMISO DE DESARROLLO SOCIAL|,|GUATEMALA|,|83777148|,|11130020 -  MINISTERIO DE DESARROLLO SOCIAL|,|DEPARTAMENTO DE COMPRAS FODES|,|GUATEMALA|
|MUNICIPALIDAD DE VILLA NUEVA, GUATEMALA|,|GUATEMALA|,|5150019|,|12100115 - MUNICIPALIDAD DE VILLA NUEVA|,|DEPARTAMENTO DE COMPRAS|,|VILLA NUEVA|
|AGENCIA NACIONAL DE ALIANZAS PARA EL DESARROLLO DE INFRAESTRUCTURA ECONOMICA -ANADIE|,|GUATEMALA|,|80337007|,|11200068 - AGENCIA NACIONAL DE ALIANZAS PARA EL DESARROLLO DE INFRAESTRUCTURA ECONOMICA (ANADIE)|,|AGENCIA NACIONAL DE ALIANZAS PARA EL DESARROLLO DE INFRAESTRUCTURA ECONÓMICA|,|GUATEMALA|
|EMPRESA PORTUARIA NACIONAL SANTO TOMÁS DE CASTILLA -EMPORNAC-|,|IZABAL|,|3133222|,|21100074 - EMP. PORT. NAC. STO. T. DE CAST. EMPORNAC|,|EMPRESA PORTUARIA SANTO TOMAS DE CASTILLA|,|PUERTO BARRIOS|
|MUNICIPALIDAD DE SAN ANDRÉS SEMETABAJ, SOLOLÁ|,|SOLOLA|,|6248527|,|12100709 - MUNICIPALIDAD DE SAN ANDRES SEMETABAJ|,|MUNICIPALIDAD DE SAN ANDRES SEMETABAJ.|,|SAN ANDRES SEMETABAJ|
|MUNICIPALIDAD DE HUEHUETENANGO, HUEHUETENANGO|,|HUEHUETENANGO|,|4623479|,|12101301 - MUNICIPALIDAD DE HUEHUETENANGO|,|DIRECCIÓN MUNICIPAL DE PLANIFICACIÓN|,|HUEHUETENANGO|
|REGISTRO NACIONAL DE LAS PERSONAS -RENAP-|,|GUATEMALA|,|52469050|,|11140066 - REGISTRO NACIONAL DE LAS PERSONAS -RENAP-|,|COMPRAS -RENAP-|,|GUATEMALA|
|MUNICIPALIDAD DE PURULHA, BAJA VERAPAZ|,|BAJA VERAPAZ|,|6295355|,|12101508 - MUNICIPALIDAD DE PURULHA|,|SECRETARÍA MUNI. PURULHA|,|PURULHA|
|MUNICIPALIDAD DE SAN MARCOS LA LAGUNA, SOLOLÁ|,|SOLOLA|,|6857108|,|12100716 - MUNICIPALIDAD DE SAN MARCOS LA LAGUNA|,|TESORERIA MUNICIPAL|,|SAN MARCOS LAGUNA|
|MUNICIPALIDAD DE SAN PEDRO LA LAGUNA, SOLOLÁ|,|SOLOLA|,|6566405|,|12100718 - MUNICIPALIDAD DE SAN PEDRO LA LAGUNA|,|MUNICIPALIDAD DE SAN PEDRO LA LAGUNA|,|SAN PEDRO LAGUNA|
|MUNICIPALIDAD DE SAN BARTOLOMÉ MILPAS ALTAS, SACATEPÉQUEZ|,|SACATEPEQUEZ|,|6248446|,|12100307 - MUNICIPALIDAD DE SAN BARTOLOME MILPAS ALTAS|,|OFICINA DE COMPRAS MUNICIPALES|,|SAN BARTOLOME MILPAS ALTAS|
|MUNICIPALIDAD DE LA GOMERA, ESCUINTLA|,|ESCUINTLA|,|4144198|,|12100507 - MUNICIPALIDAD DE LA GOMERA|,|MUNICIPALIDAD DE LA GOMERA, ESCUINTLA|,|LA GOMERA|
|MUNICIPALIDAD DE SAN BENITO, PETÉN|,|[--No Especificado--]|,|6588921|,|12101703 - MUNICIPALIDAD DE SAN BENITO|,|ENCARGADO DE COMPRAS|,|[--No Especificado--]|
|MUNICIPALIDAD DE BARBERENA, SANTA ROSA|,|SANTA ROSA|,|5391539|,|12100602 - MUNICIPALIDAD DE BARBERENA|,|MUNICIPALIDAD DE BARBERENA|,|BARBERENA|
|MUNICIPALIDAD DE SALAMA, BAJA VERAPAZ|,|BAJA VERAPAZ|,|4246306|,|12101501 - MUNICIPALIDAD DE SALAMA|,|DEPARTAMENTO DE COMPRAS|,|SALAMA|
|COMITÉ PERMANENTE DE EXPOSICIONES -COPEREX-|,|GUATEMALA|,|2331489|,|11200050 - COMITE PERM. DE  EXPOSICIONES -COPEREX-|,|COMITE PERMANENTE DE EXPOSICIONES -COPEREX-|,|GUATEMALA|
|MUNICIPALIDAD DE EL JICARO, EL PROGRESO|,|EL PROGRESO|,|4195256|,|12100205 - MUNICIPALIDAD DE EL JICARO|,|COMPRAS|,|EL JICARO|
|MUNICIPALIDAD DE TECPAN GUATEMALA, CHIMALTENANGO|,|CHIMALTENANGO|,|2040522|,|12100406 - MUNICIPALIDAD DE TECPAN GUATEMALA|,|DEPARTAMENTO DE COMPRAS DIRECTAS|,|TECPAN GUATEMALA|
|COORDINADORA NACIONAL PARA LA REDUCCION DE DESASTRES|,|GUATEMALA|,|4293347|,|11140029 - COORDINADORA NACIONAL PARA LA REDUCCION DE DESASTRES|,|COMPRAS CONRED|,|GUATEMALA|
|MINISTERIO DE DESARROLLO SOCIAL|,|GUATEMALA|,|77115023|,|11130020 -  MINISTERIO DE DESARROLLO SOCIAL|,|UNIDAD DE ADMINISTRACI¿N FINANCIERA UDAF DEL MINISTERIO DE DESARROLLO SOCIAL|,|GUATEMALA|
|GUARDIA PRESIDENCIAL GP|,|GUATEMALA|,|626302K|,|11130003 - GUARDIA PRESIDENCIAL|,|GUARDIA PRESIDENCIAL.|,|GUATEMALA|
|MUNICIPALIDAD DE NUEVO SAN CARLOS, RETALHULEU|,|RETALHULEU|,|6204775|,|12101108 - MUNICIPALIDAD DE NUEVO SAN CARLOS|,|DIRECCIÓN MUNICIPAL DE PLANIFICACIÓN (DMP)|,|NUEVO SAN CARLOS|
|CONSEJO NACIONAL PARA LA PROTECCIÓN DE LA ANTIGUA GUATEMALA -CNPAG-|,|SACATEPEQUEZ|,|2010526|,|11200036 - CJO. NAC. PARA LA PROT. DE LA ANT. GUAT. -CNPAG-|,|UNIDAD COMPRADORA GENERAL|,|ANTIGUA GUATEMALA|
|MINISTERIO DE AGRICULTURA, GANADERIA Y ALIMENTACIÓN|,|GUATEMALA|,|3440273|,|11130012 - MINISTERIO DE AGRICULTURA, GANADERÍA Y ALIMENTACIÓN|,|DIRECCION ASUNTOS DE PETEN|,|GUATEMALA|
|MINISTERIO DE AGRICULTURA, GANADERIA Y ALIMENTACIÓN|,|GUATEMALA|,|3440273|,|11130012 - MINISTERIO DE AGRICULTURA, GANADERÍA Y ALIMENTACIÓN|,|ADMINISTRACION FINANCIERA|,|GUATEMALA|
|MINISTERIO DE AGRICULTURA, GANADERIA Y ALIMENTACIÓN|,|GUATEMALA|,|3440273|,|11130012 - MINISTERIO DE AGRICULTURA, GANADERÍA Y ALIMENTACIÓN|,|CARTOGRAFIA NACIONAL IGN|,|GUATEMALA|
|MINISTERIO DE AGRICULTURA, GANADERIA Y ALIMENTACIÓN|,|GUATEMALA|,|3440273|,|11130012 - MINISTERIO DE AGRICULTURA, GANADERÍA Y ALIMENTACIÓN|,|DIRECCION VISAR|,|GUATEMALA|
|MUNICIPALIDAD DE VILLA CANALES, GUATEMALA|,|GUATEMALA|,|5380227|,|12100116 - MUNICIPALIDAD DE VILLA CANALES|,|DEPARTAMENTO DE COMPRAS Y ADQUISICIONES|,|VILLA CANALES|
|MUNICIPALIDAD DE SAN CRISTÓBAL TOTONICAPAN, TOTONICAPÁN|,|TOTONICAPAN|,|6651437|,|12100802 - MUNICIPALIDAD DE SAN CRISTOBAL TOTONICAPAN|,|TESORERIA MUNICIPAL DE SAN CRISTOBAL TOTONICAPAN, TOTONICAPAN|,|SAN CRISTOBAL TOTONICAPAN|
|SECRETARÍA GENERAL|,|GUATEMALA|,|2527189|,|11130016 - SECRETAR¿A GENERAL DE LA PRESIDENCIA DE LA REP¿BLICA|,|SECRETARÍA GENERAL DE LA PRESIDENCIA|,|GUATEMALA|
|MUNICIPALIDAD DE SANTA CATARINA PALOPÓ, SOLOLÁ|,|SOLOLA|,|6863159|,|12100711 - MUNICIPALIDAD DE SANTA CATARINA PALOPO|,|MUNICIPALIDAD DE SANTA CATARINA PALOPO, SOLOLA|,|SANTA CATARINA PALOPO|
|MUNICIPALIDAD DE SENAHU, ALTA VERAPAZ|,|ALTA VERAPAZ|,|6633757|,|12101608 - MUNICIPALIDAD DE SENAHU|,|TESORERIA MUNICIPAL DE SENAHU, A.V.|,|SENAHU|
|MUNICIPALIDAD DE GUATEMALA, GUATEMALA|,|GUATEMALA|,|3441024|,|12100101 - MUNICIPALIDAD DE GUATEMALA|,|DIRECCION DEL CENTRO HISTORICO|,|GUATEMALA|
|MUNICIPALIDAD DE GUATEMALA, GUATEMALA|,|GUATEMALA|,|3441024|,|12100101 - MUNICIPALIDAD DE GUATEMALA|,|DIRECCION DE EDUCACION Y CULTURA|,|GUATEMALA|
|MUNICIPALIDAD DE GUATEMALA, GUATEMALA|,|GUATEMALA|,|3441024|,|12100101 - MUNICIPALIDAD DE GUATEMALA|,|DIRECCION DE ADMINISTRACION FINANCIERA MUNICIPAL|,|GUATEMALA|
|MUNICIPALIDAD DE GUATEMALA, GUATEMALA|,|GUATEMALA|,|3441024|,|12100101 - MUNICIPALIDAD DE GUATEMALA|,|DIRECCION ADMINISTRATIVA|,|GUATEMALA|
|MUNICIPALIDAD DE GUATEMALA, GUATEMALA|,|GUATEMALA|,|3441024|,|12100101 - MUNICIPALIDAD DE GUATEMALA|,|GERENCIA MUNICIPAL|,|GUATEMALA|
|MUNICIPALIDAD DE GUATEMALA, GUATEMALA|,|GUATEMALA|,|3441024|,|12100101 - MUNICIPALIDAD DE GUATEMALA|,|SECRETARIA DE ASUNTOS SOCIALES|,|GUATEMALA|
|MUNICIPALIDAD DE GUATEMALA, GUATEMALA|,|GUATEMALA|,|3441024|,|12100101 - MUNICIPALIDAD DE GUATEMALA|,|DEPARTAMENTO DE COMPRAS|,|GUATEMALA|
|MUNICIPALIDAD DE GUATEMALA, GUATEMALA|,|GUATEMALA|,|3441024|,|12100101 - MUNICIPALIDAD DE GUATEMALA|,|REGENCIA NORTE|,|GUATEMALA|
|MUNICIPALIDAD DE GUATEMALA, GUATEMALA|,|GUATEMALA|,|3441024|,|12100101 - MUNICIPALIDAD DE GUATEMALA|,|DIRECCION DE CATASTRO Y ADMINISTRACION DEL IUSI|,|GUATEMALA|
|MUNICIPALIDAD DE GUATEMALA, GUATEMALA|,|GUATEMALA|,|3441024|,|12100101 - MUNICIPALIDAD DE GUATEMALA|,|DIRECCION DE OBRAS|,|GUATEMALA|
|MUNICIPALIDAD DE GUATEMALA, GUATEMALA|,|GUATEMALA|,|3441024|,|12100101 - MUNICIPALIDAD DE GUATEMALA|,|DIRECCION DEL COMERCIO POPULAR|,|GUATEMALA|
|MUNICIPALIDAD DE GUATEMALA, GUATEMALA|,|GUATEMALA|,|3441024|,|12100101 - MUNICIPALIDAD DE GUATEMALA|,|DIRECCION DE ATENCION AL VECINO|,|GUATEMALA|
|MUNICIPALIDAD DE GUATEMALA, GUATEMALA|,|GUATEMALA|,|3441024|,|12100101 - MUNICIPALIDAD DE GUATEMALA|,|DIRECCION DE COMUNICACION SOCIAL|,|GUATEMALA|
|MUNICIPALIDAD DE GUATEMALA, GUATEMALA|,|GUATEMALA|,|3441024|,|12100101 - MUNICIPALIDAD DE GUATEMALA|,|DESARROLLO SOCIAL|,|GUATEMALA|
|MUNICIPALIDAD DE FRAIJANES, GUATEMALA|,|GUATEMALA|,|612044K|,|12100113 - MUNICIPALIDAD DE FRAIJANES|,|DEPARTAMENTO DE COMPRAS Y CONTRATACIONES|,|FRAIJANES|
|MUNICIPALIDAD DE UNIÓN CANTINIL, HUEHUETENANGO|,|HUEHUETENANGO|,|44341008|,|12101332 - MUNICIPALIDAD DE UNION CANTINIL|,|ALCALDIA MUNICIPAL|,|UNIÓN CANTINIL|
|COMITÉ OLÍMPICO GUATEMALTECO -COG-|,|GUATEMALA|,|3052915|,|11300062 - COMITE OLIMPICO GUATEMALTECO  -COG-|,|UNIDAD COMPRADORA CENTRAL|,|GUATEMALA|
|MUNICIPALIDAD DE CAMOTAN, CHIQUIMULA|,|CHIQUIMULA|,|6617565|,|12102005 - MUNICIPALIDAD DE CAMOTAN|,|OFICINA MUNICIPAL DE PLANIFICACIÓN|,|CAMOTAN|
|MINISTERIO DE CULTURA Y DEPORTES|,|GUATEMALA|,|662801K|,|11130015 - MINISTERIO DE CULTURA Y DEPORTES|,|COMPRAS PARQUE NACIONAL TIKAL|,|GUATEMALA|
|MINISTERIO DE CULTURA Y DEPORTES|,|GUATEMALA|,|662801K|,|11130015 - MINISTERIO DE CULTURA Y DEPORTES|,|DEPARTAMENTO DE COMPRAS DIRECCIÓN GENERAL DEL PATRIMONIO CULTURAL Y NATURAL|,|GUATEMALA|
|MINISTERIO DE CULTURA Y DEPORTES|,|GUATEMALA|,|662801K|,|11130015 - MINISTERIO DE CULTURA Y DEPORTES|,|DIRECCION GENERAL DE LAS ARTES|,|GUATEMALA|
|MINISTERIO DE CULTURA Y DEPORTES|,|GUATEMALA|,|662801K|,|11130015 - MINISTERIO DE CULTURA Y DEPORTES|,|DIRECCION GENERAL DE DESARROLLO CULTURAL Y FORTALECIMIENTO DE LAS CULTURAS|,|GUATEMALA|
|MUNICIPALIDAD DE SAN JOSÉ DEL GOLFO, GUATEMALA|,|GUATEMALA|,|6603939|,|12100104 - MUNICIPALIDAD DE SAN JOSE DEL GOLFO|,|MUNICIPALIDAD SAN JOSE DEL GOLFO|,|SAN JOSE DEL GOLFO|
|FEDERACION NAC.DE TENIS DE MESA DE GUATEMALA C.D.A.G.|,|GUATEMALA|,|6666361|,|11300091 - FEDERACION NACIONAL DE TENIS DE MESA|,|UNIDAD COMPRADORA DE TENIS DE MESA|,|GUATEMALA|
|CONTRALORÍA GENERAL DE CUENTAS|,|GUATEMALA|,|637672K|,|11140020 - CONTRALORÍA GENERAL DE CUENTAS|,|CONTRALORIA GENERAL DE CUENTAS|,|GUATEMALA|
|MUNICIPALIDAD DE SANTA MARÍA IXHUATÁN, SANTA ROSA|,|SANTA ROSA|,|25891278|,|12100610 - MUNICIPALIDAD DE SANTA MARIA IXHUATAN|,|DEPARTAMENTO DE COMPRAS|,|SANTA MAR!A IXHUATAN|
|MINISTERIO DE ENERGIA Y MINAS|,|GUATEMALA|,|3377938|,|11130014 - MINISTERIO DE ENERGÍA Y MINAS|,|DIRECCION SUPERIOR|,|GUATEMALA|
|MINISTERIO DE ENERGIA Y MINAS|,|GUATEMALA|,|3377938|,|11130014 - MINISTERIO DE ENERGÍA Y MINAS|,|DIRECCION GENERAL DE ENERGIA|,|GUATEMALA|
|PROCURADURIA GENERAL DE LA NACIÓN|,|GUATEMALA|,|7177933|,|11140021 - PROCURADURIA GENERAL DE LA NACIÓN|,|PROCURADURÍA GENERAL DE LA NACIÓN|,|GUATEMALA|
|AUTORIDAD PARA EL MANEJO SUSTENTABLE DE LA CUENCA Y DEL LAGO DE AMATITLAN|,|GUATEMALA|,|7803818|,|11130016 - AUTORIDAD PARA EL MANEJO SUSTENTABLE DE LA CUENCA Y DEL LAGO DE AMATITLAN|,|DIRECCION Y COORDINACION|,|VILLA NUEVA|
|MUNICIPALIDAD DE SAN FRANCISCO EL ALTO, TOTONICAPÁN|,|TOTONICAPAN|,|6771505|,|12100803 - MUNICIPALIDAD DE SAN FRANCISCO EL ALTO|,|DEPARTAMENTO DE COMPRAS|,|SAN FRANCISCO EL ALTO|
|MINISTERIO DE SALUD PÚBLICA|,|IZABAL|,|2318024|,|11130009 - MINISTERIO DE SALUD PÚBLICA Y ASISTENCIA SOCIAL|,|HOSPITAL INFANTIL DE PUERTO BARRIOS|,|PUERTO BARRIOS|
|MINISTERIO DE SALUD PÚBLICA|,|ALTA VERAPAZ|,|2318024|,|11130009 - MINISTERIO DE SALUD PÚBLICA Y ASISTENCIA SOCIAL|,|DIRECCION DE AREA DE SALUD DE ALTA VERAPAZ|,|COBAN|
|MINISTERIO DE SALUD PÚBLICA|,|ZACAPA|,|2318024|,|11130009 - MINISTERIO DE SALUD PÚBLICA Y ASISTENCIA SOCIAL|,|HOSPITAL REGIONAL DE ZACAPA|,|ZACAPA|
|MINISTERIO DE SALUD PÚBLICA|,|HUEHUETENANGO|,|2318024|,|11130009 - MINISTERIO DE SALUD PÚBLICA Y ASISTENCIA SOCIAL|,|AREA DE SALUD DE HUEHUETENANGO|,|HUEHUETENANGO|
|MINISTERIO DE SALUD PÚBLICA|,|SACATEPEQUEZ|,|2318024|,|11130009 - MINISTERIO DE SALUD PÚBLICA Y ASISTENCIA SOCIAL|,|DIRECCION AREA DE SALUD DE SACATEPEQUEZ|,|ANTIGUA GUATEMALA|
|MINISTERIO DE SALUD PÚBLICA|,|GUATEMALA|,|2318024|,|11130009 - MINISTERIO DE SALUD PÚBLICA Y ASISTENCIA SOCIAL|,|LABORATORIO NACIONAL DE SALUD|,|VILLA NUEVA|
|MINISTERIO DE SALUD PÚBLICA|,|ALTA VERAPAZ|,|2318024|,|11130009 - MINISTERIO DE SALUD PÚBLICA Y ASISTENCIA SOCIAL|,|HOSPITAL FRAY BARTOLOME DE LAS CASAS|,|BARTOLOME DE LA CASAS|
|MINISTERIO DE SALUD PÚBLICA|,|PETEN|,|2318024|,|11130009 - MINISTERIO DE SALUD PÚBLICA Y ASISTENCIA SOCIAL|,|HOSPITAL DISTRITAL, POPTÚN, PETEN,|,|POPTUN|
|MINISTERIO DE SALUD PÚBLICA|,|GUATEMALA|,|2318024|,|11130009 - MINISTERIO DE SALUD PÚBLICA Y ASISTENCIA SOCIAL|,|AREA DE SALUD GUATEMALA NOR ORIENTE|,|GUATEMALA|
|MINISTERIO DE SALUD PÚBLICA|,|QUICHE|,|2318024|,|11130009 - MINISTERIO DE SALUD PÚBLICA Y ASISTENCIA SOCIAL|,|HOSPITAL REGIONAL DE EL QUICHÉ|,|SANTA CRUZ DEL QUICHE|
|MINISTERIO DE SALUD PÚBLICA|,|PETEN|,|2318024|,|11130009 - MINISTERIO DE SALUD PÚBLICA Y ASISTENCIA SOCIAL|,|HOSPITAL DE SAN BENITO|,|SAN BENITO|
|MINISTERIO DE SALUD PÚBLICA|,|SOLOLA|,|2318024|,|11130009 - MINISTERIO DE SALUD PÚBLICA Y ASISTENCIA SOCIAL|,|DIRECCION DE AREA DE SALUD DE SOLOLA|,|SOLOLA|
|MINISTERIO DE SALUD PÚBLICA|,|RETALHULEU|,|2318024|,|11130009 - MINISTERIO DE SALUD PÚBLICA Y ASISTENCIA SOCIAL|,|HOSPITAL DE RETALHULEU|,|RETALHULEU|
|MINISTERIO DE SALUD PÚBLICA|,|HUEHUETENANGO|,|2318024|,|11130009 - MINISTERIO DE SALUD PÚBLICA Y ASISTENCIA SOCIAL|,|HOSPITAL REGIONAL DE HUEHUETENANGO "DR. JORGE VIDES MOLINA"|,|HUEHUETENANGO|
|MINISTERIO DE SALUD PÚBLICA|,|QUETZALTENANGO|,|2318024|,|11130009 - MINISTERIO DE SALUD PÚBLICA Y ASISTENCIA SOCIAL|,|HOSPITAL NACIONAL DOCTOR RODOLFO ROBLES|,|QUETZALTENANGO|
|MINISTERIO DE SALUD PÚBLICA|,|QUICHE|,|2318024|,|11130009 - MINISTERIO DE SALUD PÚBLICA Y ASISTENCIA SOCIAL|,|HOSPITAL DE USPANTAN|,|USPANTAN|
|MINISTERIO DE SALUD PÚBLICA|,|GUATEMALA|,|2318024|,|11130009 - MINISTERIO DE SALUD PÚBLICA Y ASISTENCIA SOCIAL|,|HOSPITAL DE SAN VICENTE|,|GUATEMALA|
|MINISTERIO DE SALUD PÚBLICA|,|SAN MARCOS|,|2318024|,|11130009 - MINISTERIO DE SALUD PÚBLICA Y ASISTENCIA SOCIAL|,|HOSPITAL DE MALACATAN|,|MALACATAN|
|MINISTERIO DE SALUD PÚBLICA|,|PETEN|,|2318024|,|11130009 - MINISTERIO DE SALUD PÚBLICA Y ASISTENCIA SOCIAL|,|AREA DE SALUD PETEN SUR-ORIENTE|,|POPTUN|
|MINISTERIO DE SALUD PÚBLICA|,|EL PROGRESO|,|2318024|,|11130009 - MINISTERIO DE SALUD PÚBLICA Y ASISTENCIA SOCIAL|,|DIRECCION DE AREA DE SALUD DE EL PROGRESO|,|GUASTATOYA|
|MINISTERIO DE SALUD PÚBLICA|,|SOLOLA|,|2318024|,|11130009 - MINISTERIO DE SALUD PÚBLICA Y ASISTENCIA SOCIAL|,|HOSPITAL DEPARTAMENTAL DE SOLOLÁ|,|SOLOLA|
|MINISTERIO DE SALUD PÚBLICA|,|JUTIAPA|,|2318024|,|11130009 - MINISTERIO DE SALUD PÚBLICA Y ASISTENCIA SOCIAL|,|HOSPITAL DE JUTIAPA|,|JUTIAPA|
|MINISTERIO DE SALUD PÚBLICA|,|GUATEMALA|,|2318024|,|11130009 - MINISTERIO DE SALUD PÚBLICA Y ASISTENCIA SOCIAL|,|DEPARTAMENTO ADMINISTRATIVO|,|GUATEMALA|
|MINISTERIO DE SALUD PÚBLICA|,|ESCUINTLA|,|2318024|,|11130009 - MINISTERIO DE SALUD PÚBLICA Y ASISTENCIA SOCIAL|,|HOSPITAL DE ESCUINTLA|,|ESCUINTLA|
|MINISTERIO DE SALUD PÚBLICA|,|RETALHULEU|,|2318024|,|11130009 - MINISTERIO DE SALUD PÚBLICA Y ASISTENCIA SOCIAL|,|AREA DE SALUD RETALHULEU|,|RETALHULEU|
|MINISTERIO DE SALUD PÚBLICA|,|GUATEMALA|,|2318024|,|11130009 - MINISTERIO DE SALUD PÚBLICA Y ASISTENCIA SOCIAL|,|HOSPITAL GENERAL SAN JUAN DE DIOS|,|GUATEMALA|
|MINISTERIO DE SALUD PÚBLICA|,|QUETZALTENANGO|,|2318024|,|11130009 - MINISTERIO DE SALUD PÚBLICA Y ASISTENCIA SOCIAL|,|HOSPITAL NACIONAL DE COATEPEQUE|,|COATEPEQUE|
|MINISTERIO DE SALUD PÚBLICA|,|CHIMALTENANGO|,|2318024|,|11130009 - MINISTERIO DE SALUD PÚBLICA Y ASISTENCIA SOCIAL|,|AREA DE SALUD DE CHIMALTENANGO|,|CHIMALTENANGO|
|MINISTERIO DE SALUD PÚBLICA|,|TOTONICAPAN|,|2318024|,|11130009 - MINISTERIO DE SALUD PÚBLICA Y ASISTENCIA SOCIAL|,|AREA DE SALUD DE TOTONICAPAN|,|TOTONICAPAN|
|MINISTERIO DE SALUD PÚBLICA|,|GUATEMALA|,|2318024|,|11130009 - MINISTERIO DE SALUD PÚBLICA Y ASISTENCIA SOCIAL|,|DIRECCION DE AREA DE SALUD GUATEMALA SUR|,|AMATITLAN|
|MINISTERIO DE SALUD PÚBLICA|,|JUTIAPA|,|2318024|,|11130009 - MINISTERIO DE SALUD PÚBLICA Y ASISTENCIA SOCIAL|,|DIRECCIÓN DE ÁREA DE SALUD DE JUTIAPA|,|JUTIAPA|
|MINISTERIO DE SALUD PÚBLICA|,|ZACAPA|,|2318024|,|11130009 - MINISTERIO DE SALUD PÚBLICA Y ASISTENCIA SOCIAL|,|AREA DE SALUD DE ZACAPA|,|ZACAPA|
|MINISTERIO DE SALUD PÚBLICA|,|IZABAL|,|2318024|,|11130009 - MINISTERIO DE SALUD PÚBLICA Y ASISTENCIA SOCIAL|,|AREA DE SALUD DE IZABAL|,|PUERTO BARRIOS|
|MINISTERIO DE SALUD PÚBLICA|,|QUETZALTENANGO|,|2318024|,|11130009 - MINISTERIO DE SALUD PÚBLICA Y ASISTENCIA SOCIAL|,|HOSPITAL REGIONAL DE OCCIDENTE QUETZALTENANGO|,|QUETZALTENANGO|
|MINISTERIO DE SALUD PÚBLICA|,|GUATEMALA|,|2318024|,|11130009 - MINISTERIO DE SALUD PÚBLICA Y ASISTENCIA SOCIAL|,|PROAM - PROGRAMA DE ACCESIBILIDAD DE MEDICAMENTOS|,|GUATEMALA|
|MINISTERIO DE SALUD PÚBLICA|,|CHIQUIMULA|,|2318024|,|11130009 - MINISTERIO DE SALUD PÚBLICA Y ASISTENCIA SOCIAL|,|DIRECCION AREA DE SALUD DE CHIQUIMULA|,|CHIQUIMULA|
|MINISTERIO DE SALUD PÚBLICA|,|QUICHE|,|2318024|,|11130009 - MINISTERIO DE SALUD PÚBLICA Y ASISTENCIA SOCIAL|,|HOSPITAL DISTRITAL DE JOYABAJ|,|JOYABAJ|
|MINISTERIO DE SALUD PÚBLICA|,|SANTA ROSA|,|2318024|,|11130009 - MINISTERIO DE SALUD PÚBLICA Y ASISTENCIA SOCIAL|,|AREA DE SALUD SANTA ROSA|,|CUILAPA|
|MINISTERIO DE SALUD PÚBLICA|,|ALTA VERAPAZ|,|2318024|,|11130009 - MINISTERIO DE SALUD PÚBLICA Y ASISTENCIA SOCIAL|,|HOSPITAL DE COBAN, ALTA VERAPAZ|,|COBAN|
|MINISTERIO DE SALUD PÚBLICA|,|GUATEMALA|,|2318024|,|11130009 - MINISTERIO DE SALUD PÚBLICA Y ASISTENCIA SOCIAL|,|HOSPITAL ROOSEVELT|,|GUATEMALA|
|MINISTERIO DE SALUD PÚBLICA|,|BAJA VERAPAZ|,|2318024|,|11130009 - MINISTERIO DE SALUD PÚBLICA Y ASISTENCIA SOCIAL|,|AREA DE SALUD DE SALAMA, BAJA VERAPAZ|,|SALAMA|
|MINISTERIO DE SALUD PÚBLICA|,|PETEN|,|2318024|,|11130009 - MINISTERIO DE SALUD PÚBLICA Y ASISTENCIA SOCIAL|,|DIRECCIÓN DE ÁREA DE SALUD DE PETÉN NORTE|,|SAN BENITO|
|MINISTERIO DE SALUD PÚBLICA|,|GUATEMALA|,|2318024|,|11130009 - MINISTERIO DE SALUD PÚBLICA Y ASISTENCIA SOCIAL|,|HOSPITAL DE INFECTOLOGÍA Y REHABILITACIÓN|,|GUATEMALA|
|MINISTERIO DE SALUD PÚBLICA|,|SANTA ROSA|,|2318024|,|11130009 - MINISTERIO DE SALUD PÚBLICA Y ASISTENCIA SOCIAL|,|HOSPITAL DE CUILAPA|,|CUILAPA|
|MINISTERIO DE SALUD PÚBLICA|,|QUICHE|,|2318024|,|11130009 - MINISTERIO DE SALUD PÚBLICA Y ASISTENCIA SOCIAL|,|DIRECCION AREA DE SALUD IXIL|,|CHAJUL|
|MINISTERIO DE SALUD PÚBLICA|,|GUATEMALA|,|2318024|,|11130009 - MINISTERIO DE SALUD PÚBLICA Y ASISTENCIA SOCIAL|,|INTENSIFICACION DE ACC DE PREV Y ATEN INTEGRAL VIH/SIDA EN GUATEMALA FASE I FONDO MUNDIAL 2010-2013|,|GUATEMALA|
|MINISTERIO DE SALUD PÚBLICA|,|GUATEMALA|,|2318024|,|11130009 - MINISTERIO DE SALUD PÚBLICA Y ASISTENCIA SOCIAL|,|AREA DE SALUD GUATEMALA CENTRAL|,|GUATEMALA|
|MINISTERIO DE SALUD PÚBLICA|,|JALAPA|,|2318024|,|11130009 - MINISTERIO DE SALUD PÚBLICA Y ASISTENCIA SOCIAL|,|HOSPITAL NACIONAL NICOLASA CRUZ, JALAPA|,|JALAPA|
|MINISTERIO DE SALUD PÚBLICA|,|IZABAL|,|2318024|,|11130009 - MINISTERIO DE SALUD PÚBLICA Y ASISTENCIA SOCIAL|,|HOSPITAL DE PUERTO BARRIOS|,|PUERTO BARRIOS|
|MINISTERIO DE SALUD PÚBLICA|,|CHIQUIMULA|,|2318024|,|11130009 - MINISTERIO DE SALUD PÚBLICA Y ASISTENCIA SOCIAL|,|HOSPITAL NACIONAL DE CHIQUIMULA|,|CHIQUIMULA|
|MINISTERIO DE SALUD PÚBLICA|,|SUCHITEPEQUEZ|,|2318024|,|11130009 - MINISTERIO DE SALUD PÚBLICA Y ASISTENCIA SOCIAL|,|HOSPITAL NACIONAL MAZATENANGO|,|MAZATENANGO|
|MINISTERIO DE SALUD PÚBLICA|,|PETEN|,|2318024|,|11130009 - MINISTERIO DE SALUD PÚBLICA Y ASISTENCIA SOCIAL|,|HOSPITAL NACIONAL MELCHOR DE MENCOS|,|MELCHOR DE MENCOS|
|MINISTERIO DE SALUD PÚBLICA|,|QUICHE|,|2318024|,|11130009 - MINISTERIO DE SALUD PÚBLICA Y ASISTENCIA SOCIAL|,|HOSPITAL DE NEBAJ|,|NEBAJ|
|MINISTERIO DE SALUD PÚBLICA|,|SACATEPEQUEZ|,|2318024|,|11130009 - MINISTERIO DE SALUD PÚBLICA Y ASISTENCIA SOCIAL|,|HOGAR FRAY RODRIGO DE LA CRUZ|,|ANTIGUA GUATEMALA|
|MINISTERIO DE SALUD PÚBLICA|,|SAN MARCOS|,|2318024|,|11130009 - MINISTERIO DE SALUD PÚBLICA Y ASISTENCIA SOCIAL|,|AREA DE SALUD DE SAN MARCOS|,|SAN MARCOS|
|MINISTERIO DE SALUD PÚBLICA|,|GUATEMALA|,|2318024|,|11130009 - MINISTERIO DE SALUD PÚBLICA Y ASISTENCIA SOCIAL|,|AREA DE SALUD GUATEMALA NOROCCIDENTE|,|MIXCO|
|MINISTERIO DE SALUD PÚBLICA|,|BAJA VERAPAZ|,|2318024|,|11130009 - MINISTERIO DE SALUD PÚBLICA Y ASISTENCIA SOCIAL|,|HOSPITAL DE SALAMA, BAJA VERAPAZ|,|SALAMA|
|MINISTERIO DE SALUD PÚBLICA|,|CHIMALTENANGO|,|2318024|,|11130009 - MINISTERIO DE SALUD PÚBLICA Y ASISTENCIA SOCIAL|,|HOSPITAL NACIONAL DE CHIMALTENANGO|,|CHIMALTENANGO|
|MINISTERIO DE SALUD PÚBLICA|,|TOTONICAPAN|,|2318024|,|11130009 - MINISTERIO DE SALUD PÚBLICA Y ASISTENCIA SOCIAL|,|HOSPITAL NAC. DR. JOSE FELIPE FLORES TOTONICAPAN|,|TOTONICAPAN|
|MINISTERIO DE SALUD PÚBLICA|,|QUICHE|,|2318024|,|11130009 - MINISTERIO DE SALUD PÚBLICA Y ASISTENCIA SOCIAL|,|AREA DE SALUD DE IXCAN|,|IXCAN PLAYA GRANDE|
|MINISTERIO DE SALUD PÚBLICA|,|SUCHITEPEQUEZ|,|2318024|,|11130009 - MINISTERIO DE SALUD PÚBLICA Y ASISTENCIA SOCIAL|,|AREA DE SALUD DE SUCHITEPEQUEZ|,|MAZATENANGO|
|MINISTERIO DE SALUD PÚBLICA|,|GUATEMALA|,|2318024|,|11130009 - MINISTERIO DE SALUD PÚBLICA Y ASISTENCIA SOCIAL|,|HOSPITAL DE SALUD MENTAL "DR. FEDERICO MORA"|,|GUATEMALA|
|MINISTERIO DE SALUD PÚBLICA|,|QUETZALTENANGO|,|2318024|,|11130009 - MINISTERIO DE SALUD PÚBLICA Y ASISTENCIA SOCIAL|,|AREA DE SALUD DE QUETZALTENANGO|,|QUETZALTENANGO|
|MINISTERIO DE SALUD PÚBLICA|,|PETEN|,|2318024|,|11130009 - MINISTERIO DE SALUD PÚBLICA Y ASISTENCIA SOCIAL|,|HOSPITAL DISTRITAL SAYAXCHE|,|SAYAXCHE|
|MINISTERIO DE SALUD PÚBLICA|,|HUEHUETENANGO|,|2318024|,|11130009 - MINISTERIO DE SALUD PÚBLICA Y ASISTENCIA SOCIAL|,|HOSPITAL NACIONAL DE SAN PEDRO NECTA|,|SAN PEDRO NECTA|
|MINISTERIO DE SALUD PÚBLICA|,|SACATEPEQUEZ|,|2318024|,|11130009 - MINISTERIO DE SALUD PÚBLICA Y ASISTENCIA SOCIAL|,|HOSPITAL PEDRO DE BETHANCOURT|,|ANTIGUA GUATEMALA|
|MINISTERIO DE SALUD PÚBLICA|,|EL PROGRESO|,|2318024|,|11130009 - MINISTERIO DE SALUD PÚBLICA Y ASISTENCIA SOCIAL|,|HOSPITAL DE EL PROGRESO|,|GUASTATOYA|
|MINISTERIO DE SALUD PÚBLICA|,|GUATEMALA|,|2318024|,|11130009 - MINISTERIO DE SALUD PÚBLICA Y ASISTENCIA SOCIAL|,|HOSPITAL NACIONAL DE ORTOPEDIA Y REHABILITACION DR. JORGE VON AHN|,|GUATEMALA|
|MINISTERIO DE SALUD PÚBLICA|,|JALAPA|,|2318024|,|11130009 - MINISTERIO DE SALUD PÚBLICA Y ASISTENCIA SOCIAL|,|DIRECCION DE AREA DE SALUD DE JALAPA|,|JALAPA|
|MINISTERIO DE SALUD PÚBLICA|,|ESCUINTLA|,|2318024|,|11130009 - MINISTERIO DE SALUD PÚBLICA Y ASISTENCIA SOCIAL|,|HOSPITAL DE TIQUISATE|,|PUEBLO NUEVO TIQUISATE|
|MINISTERIO DE SALUD PÚBLICA|,|QUICHE|,|2318024|,|11130009 - MINISTERIO DE SALUD PÚBLICA Y ASISTENCIA SOCIAL|,|AREA DE SALUD DE QUICHE|,|SANTA CRUZ DEL QUICHE|
|MINISTERIO DE SALUD PÚBLICA|,|SAN MARCOS|,|2318024|,|11130009 - MINISTERIO DE SALUD PÚBLICA Y ASISTENCIA SOCIAL|,|HOSPITAL NACIONAL DE SAN MARCOS, "DR. MOISES VILLAGRAN MAZARIEGOS"|,|SAN MARCOS|
|MUNICIPALIDAD DE SANTA CRUZ NARANJO, SANTA ROSA|,|SANTA ROSA|,|6539351|,|12100612 - MUNICIPALIDAD DE SANTA CRUZ NARANJO|,|SECRETARIA MUNICIPALIDAD DE SANTA CRUZ NARANJO|,|SANTA CRUZ NARANJO|
|SECRETARÍA DE OBRAS SOCIALES DE LA ESPOSA DEL PRESIDENTE|,|GUATEMALA|,|6744087|,|11130016 - SECRETARÍA DE OBRAS SOCIALES DE LA ESPOSA DEL PRESIDENTE|,|DEPARTAMENTO DE COMPRAS|,|GUATEMALA|
|MUNICIPALIDAD DE SAN SEBASTIAN HUEHUETENANGO, HUEHUETENANGO|,|HUEHUETENANGO|,|598629K|,|12101320 - MUNICIPALIDAD DE SAN SEBASTIAN HUEHUETENANGO|,|MUNICIPALIDAD DE SAN SEBASTIAN HUEHUETENANGO, HUEHUETENANGO|,|SAN SEBASTIAN HUEHUETENANGO|
|MUNICIPALIDAD DE SAN FELIPE, RETALHULEU|,|RETALHULEU|,|6642829|,|12101105 - MUNICIPALIDAD DE SAN FELIPE|,|MUNICIPALIDAD SAN FELIPE, RETALHULEU|,|SAN FELIPE REU|
|MUNICIPALIDAD DE SANTA CATARINA MITA, JUTIAPA|,|JUTIAPA|,|6124704|,|12102203 - MUNICIPALIDAD DE SANTA CATARINA MITA|,|DIRECCION MUNICIPAL DE PLANIFICACION|,|SANTA CATARINA MITA|
|MUNICIPALIDAD DE SAN MARCOS, SAN MARCOS|,|SAN MARCOS|,|1766562|,|12101201 - MUNICIPALIDAD DE SAN MARCOS|,|UNIDAD DE PROYECTOS MSM|,|SAN MARCOS|
|MINISTERIO DE EDUCACIÓN|,|SUCHITEPEQUEZ|,|3225399|,|11130008 - MINISTERIO DE EDUCACIÓN|,|DIRECCIÓN DEPARTAMENTAL DE SUCHITEPEQUEZ|,|MAZATENANGO|
|MINISTERIO DE EDUCACIÓN|,|JUTIAPA|,|3225399|,|11130008 - MINISTERIO DE EDUCACIÓN|,|DIRECCIÓN DEPARTAMENTAL DE EDUCACIÓN DE JUTIAPA|,|JUTIAPA|
|MINISTERIO DE EDUCACIÓN|,|TOTONICAPAN|,|3225399|,|11130008 - MINISTERIO DE EDUCACIÓN|,|DIRECCIÓN DEPARTAMENTAL DE EDUCACIÓN DE TOTONICAPAN|,|TOTONICAPAN|
|MINISTERIO DE EDUCACIÓN|,|RETALHULEU|,|3225399|,|11130008 - MINISTERIO DE EDUCACIÓN|,|DIRECCIÓN DEPARTAMENTAL DE EDUCACIÓN DE RETALHULEU|,|RETALHULEU|
|MINISTERIO DE EDUCACIÓN|,|QUETZALTENANGO|,|3225399|,|11130008 - MINISTERIO DE EDUCACIÓN|,|DIRECCIÓN DEPARTAMENTAL DE QUETZALTENANGO|,|QUETZALTENANGO|
|MINISTERIO DE EDUCACIÓN|,|JALAPA|,|3225399|,|11130008 - MINISTERIO DE EDUCACIÓN|,|DIRECCIÓN DEPARTAMENTAL DE EDUCACIÓN DE JALAPA|,|JALAPA|
|MINISTERIO DE EDUCACIÓN|,|CHIMALTENANGO|,|3225399|,|11130008 - MINISTERIO DE EDUCACIÓN|,|DIRECCIÓN DEPARTAMENTAL DE EDUCACIÓN CHIMALTENANGO|,|CHIMALTENANGO|
|MINISTERIO DE EDUCACIÓN|,|SAN MARCOS|,|3225399|,|11130008 - MINISTERIO DE EDUCACIÓN|,|DIRECCIÓN DEPARTAMENTAL DE EDUCACIÓN DE SAN MARCOS|,|SAN MARCOS|
|MINISTERIO DE EDUCACIÓN|,|EL PROGRESO|,|3225399|,|11130008 - MINISTERIO DE EDUCACIÓN|,|DIRECCIÓN DEPARTAMENTAL DE EDUCACIÓN DE EL PROGRESO|,|GUASTATOYA|
|MINISTERIO DE EDUCACIÓN|,|GUATEMALA|,|3225399|,|11130008 - MINISTERIO DE EDUCACIÓN|,|DIRECCION GENERAL DE EDUCACION ESPECIAL|,|GUATEMALA|
|MINISTERIO DE EDUCACIÓN|,|GUATEMALA|,|3225399|,|11130008 - MINISTERIO DE EDUCACIÓN|,|DIRECCIÓN GENERAL DE EDUCACIÓN BILINGUE|,|GUATEMALA|
|MINISTERIO DE EDUCACIÓN|,|QUICHE|,|3225399|,|11130008 - MINISTERIO DE EDUCACIÓN|,|DIRECCION DEPARTAMENTAL DE EL QUICHE|,|SANTA CRUZ DEL QUICHE|
|MINISTERIO DE EDUCACIÓN|,|HUEHUETENANGO|,|3225399|,|11130008 - MINISTERIO DE EDUCACIÓN|,|DIRECCIÓN DEPARTAMENTAL DE EDUCACIÓN DE HUEHUETENANGO|,|HUEHUETENANGO|
|MINISTERIO DE EDUCACIÓN|,|GUATEMALA|,|3225399|,|11130008 - MINISTERIO DE EDUCACIÓN|,|DESPACHO SUPERIOR|,|GUATEMALA|
|MINISTERIO DE EDUCACIÓN|,|ZACAPA|,|3225399|,|11130008 - MINISTERIO DE EDUCACIÓN|,|DIRECCION DEPARTAMENTAL DE EDUCACIÓN DE ZACAPA|,|ZACAPA|
|MINISTERIO DE EDUCACIÓN|,|GUATEMALA|,|3225399|,|11130008 - MINISTERIO DE EDUCACIÓN|,|DIRECCIÓN DEPARTAMENTAL DE EDUCACIÓN DE GUATEMALA OCCIDENTE|,|MIXCO|
|MINISTERIO DE EDUCACIÓN|,|GUATEMALA|,|3225399|,|11130008 - MINISTERIO DE EDUCACIÓN|,|DIRECCIÓN GENERAL DE PARTICIPACIÓN COMUNITARIA Y SERVICIOS DE APOYO -DIGEPSA-|,|GUATEMALA|
|MINISTERIO DE EDUCACIÓN|,|GUATEMALA|,|3225399|,|11130008 - MINISTERIO DE EDUCACIÓN|,|DIRECCIÓN DE PLANIFICACIÓN EDUCATIVA -DIPLAN-|,|GUATEMALA|
|MINISTERIO DE EDUCACIÓN|,|SANTA ROSA|,|3225399|,|11130008 - MINISTERIO DE EDUCACIÓN|,|DIRECCIÓN DEPARTAMENTAL DE SANTA ROSA|,|CUILAPA|
|MINISTERIO DE EDUCACIÓN|,|CHIQUIMULA|,|3225399|,|11130008 - MINISTERIO DE EDUCACIÓN|,|DIRECCIÓN DEPARTAMENTAL DE EDUCACION DE CHIQUIMULA|,|CHIQUIMULA|
|MINISTERIO DE EDUCACIÓN|,|GUATEMALA|,|3225399|,|11130008 - MINISTERIO DE EDUCACIÓN|,|DIRECCIÓN DEPARTAMENTAL DE EDUCACIÓN DE GUATEMALA SUR|,|GUATEMALA|
|MINISTERIO DE EDUCACIÓN|,|ESCUINTLA|,|3225399|,|11130008 - MINISTERIO DE EDUCACIÓN|,|DIRECCIÓN DEPARTAMENTAL DE EDUCACIÓN DE ESCUINTLA|,|ESCUINTLA|
|MINISTERIO DE EDUCACIÓN|,|GUATEMALA|,|3225399|,|11130008 - MINISTERIO DE EDUCACIÓN|,|DIRECCIÓN DE ADQUISICIONES Y CONTRATACIONES -DIDECO-|,|GUATEMALA|
|MINISTERIO DE LA DEFENSA NACIONAL|,|GUATEMALA|,|3378187|,|11130006 - MINISTERIO DE LA DEFENSA NACIONAL|,|COMANDO DE APOYO LOGISTICO|,|GUATEMALA|
|FEDERACION NACIONAL DE ATLETISMO.|,|GUATEMALA|,|5872340|,|11300085 - FEDERACIÓN NACIONAL DE ATLETISMO|,|UNIDAD DE COMPRAS FEDERACION NACIONAL DE ATLETISMO|,|GUATEMALA|
|ASOCIACION NACIONAL DE SQUASH|,|GUATEMALA|,|16848802|,|null|,|UNIDAD DE COMPRAS DE LA ASOCIACION NACIONAL DE SQUASH|,|GUATEMALA|
|MUNICIPALIDAD DE EL PROGRESO, JUTIAPA|,|[--No Especificado--]|,|6316131|,|12102202 - MUNICIPALIDAD DE EL PROGRESO|,|OFICINA MUNICIPAL DE PLANIFICACION|,|[--No Especificado--]|
|CORTE DE CONSTITUCIONALIDAD|,|GUATEMALA|,|6687598|,|11140024 - CORTE DE CONSTITUCIONALIDAD.|,|DEPARTAMENTO DE COMPRAS|,|GUATEMALA|
|MUNICIPALIDAD DE SAN ANDRÉS XECUL, TOTONICAPÁN|,|TOTONICAPAN|,|6771653|,|12100804 - MUNICIPALIDAD DE SAN ANDRES XECUL|,|UNIDAD DE COMPRAS|,|SAN ANDRES XECUL|
|ASOCIACIÓN HOSPICIO DE SAN JOSÉ|,|SACATEPEQUEZ|,|7573286|,|null|,|COMPRAS HOSPICIO SAN JOSE|,|SANTA LUCIA MILPAS ALTAS|
|MUNICIPALIDAD DE SANTA CATARINA IXTAHUACAN, SOLOLÁ|,|SOLOLA|,|4166825|,|12100706 - MUNICIPALIDAD DE SANTA CATARINA IXTAHUACAN|,|MUNICIPALIDAD DE SANTA CATARINA IXTAHUACÁN|,|SANTA CATARINA IXTAHUATAN|
|MUNICIPALIDAD DE SANTA BARBARA, SUCHITEPÉQUEZ|,|SUCHITEPEQUEZ|,|4995511|,|12101015 - MUNICIPALIDAD DE SANTA BARBARA|,|MUNICIPALIDAD DE SANTA BARBARA|,|SANTA BARBARA|
|FEDERACION NACIONAL DE BOXEO -CDAG-|,|GUATEMALA|,|6160751|,|11300072 - FEDERACION NACIONAL DE BOXEO -CDAG-|,|FEDERACIÓN NACIONAL DE BOXEO|,|GUATEMALA|
|MUNICIPALIDAD DE SAN SEBASTIAN, RETALHULEU|,|RETALHULEU|,|6452191|,|12101102 - MUNICIPALIDAD DE SAN SEBASTIAN|,|TESORERIA MUNICIPAL|,|SAN SEBASTIAN|
|MUNICIPALIDAD DE SANTA MARÍA VISITACIÓN, SOLOLÁ|,|SOLOLA|,|6879543|,|12100703 - MUNICIPALIDAD DE SANTA MARIA VISITACION|,|GASPAR ELIAS CHAVAJAY VÁSQUEZ|,|SANTA MARIA VISITACION|
|MUNICIPALIDAD DE SAN DIEGO, ZACAPA|,|ZACAPA|,|6317286|,|12101908 - MUNICIPALIDAD DE SAN DIEGO|,|MUNICIPALIDAD DE SAN DIEGO|,|SAN DIEGO|
|MUNICIPALIDAD DE ZAPOTITLAN, JUTIAPA|,|JUTIAPA|,|6506658|,|12102210 - MUNICIPALIDAD DE ZAPOTITLAN|,|MUNICIPALIDAD DE ZAPOTITLAN, JUTIAPA|,|ZAPOTITLAN|
|MUNICIPALIDAD DE SAN LUCAS SACATEPEQUEZ, SACATEPÉQUEZ|,|[--No Especificado--]|,|6261558|,|12100308 - MUNICIPALIDAD DE SAN LUCAS SACATEPEQUEZ|,|TESORERIA MUNICIPAL|,|[--No Especificado--]|
|MUNICIPALIDAD DE LA UNIÓN, ZACAPA|,|ZACAPA|,|6264824|,|12101909 - MUNICIPALIDAD DE LA UNION|,|DIRECCION MUNICIPAL DE PLANIFICACION|,|LA UNION|
|MUNICIPALIDAD DE LA UNIÓN, ZACAPA|,|ZACAPA|,|6264824|,|12101909 - MUNICIPALIDAD DE LA UNION|,|UNIDAD DE ADQUISICIONES Y CONTRATACIONES|,|LA UNION|
|MUNICIPALIDAD DE SAN JUAN TECUACO, SANTA ROSA|,|SANTA ROSA|,|634643K|,|12100607 - MUNICIPALIDAD DE SAN JUAN TECUACO|,|TESORERIA MUNICIPAL|,|SAN JUAN TECUACO|
|MUNICIPALIDAD DE MASAGUA, ESCUINTLA|,|ESCUINTLA|,|2337118|,|12100505 - MUNICIPALIDAD DE MASAGUA|,|DEPARTAMENTO MUNICIPAL DE PLANIFICACION|,|MASAGUA|
|MUNICIPALIDAD DE ANTIGUA GUATEMALA, SACATEPÉQUEZ|,|SACATEPEQUEZ|,|6148964|,|12100301 - MUNICIPALIDAD DE ANTIGUA GUATEMALA|,|SECCION DE COMPRAS Y SUMINISTROS|,|ANTIGUA GUATEMALA|
|CONSEJO NACIONAL DEL DEPORTE, LA EDUCACION FISICA Y LA RECREACION (CONADER)|,|GUATEMALA|,|16156609|,|11140071 - CONSEJO NACIONAL DEL DEPORTE, LA EDUCACION FISICA Y LA RECREACION|,|UNIDAD DE COMPRAS CONSEJO NACIONAL DEL DEPORTE, LA EDUCACION FISICA Y LA RECREACION|,|GUATEMALA|
|MUNICIPALIDAD DE GÉNOVA, QUETZALTENANGO|,|QUETZALTENANGO|,|5461723|,|12100921 - MUNICIPALIDAD DE GINOVA|,|DIRECCIÓN MUNICIPAL DE PLANIFICACIÓN -DMP-|,|GENOVA|
|MUNICIPALIDAD DE MIXCO, GUATEMALA|,|GUATEMALA|,|2346125|,|12100108 - MUNICIPALIDAD DE MIXCO|,|UNIDAD DE COMPRAS|,|MIXCO|
|INSTITUTO DE RECREACIÓN DE LOS TRABAJADORES -IRTRA-|,|GUATEMALA|,|2360837|,|11200035 - INST. DE RECREACION DE LOS TRAB. -IRTRA-|,|DC OFICINAS CENTRALES|,|GUATEMALA|
|INSTITUTO DE RECREACIÓN DE LOS TRABAJADORES -IRTRA-|,|RETALHULEU|,|2360837|,|11200035 - INST. DE RECREACION DE LOS TRAB. -IRTRA-|,|PARQUE ACUÀTICO XOCOMIL|,|SAN MARTIN ZAPOTITL AN|
|INSTITUTO DE RECREACIÓN DE LOS TRABAJADORES -IRTRA-|,|RETALHULEU|,|2360837|,|11200035 - INST. DE RECREACION DE LOS TRAB. -IRTRA-|,|PARQUE DE DIVERSIONES XETULUL|,|SAN MARTIN ZAPOTITL AN|
|INSTITUTO DE RECREACIÓN DE LOS TRABAJADORES -IRTRA-|,|RETALHULEU|,|2360837|,|11200035 - INST. DE RECREACION DE LOS TRAB. -IRTRA-|,|HOSTALES|,|SAN MARTIN ZAPOTITL AN|
|INSTITUTO DE RECREACIÓN DE LOS TRABAJADORES -IRTRA-|,|EL PROGRESO|,|2360837|,|11200035 - INST. DE RECREACION DE LOS TRAB. -IRTRA-|,|PARQUE RECREATIVO AGUA CALIENTE|,|SAN ANTONIO LA PAZ|
|INSTITUTO DE RECREACIÓN DE LOS TRABAJADORES -IRTRA-|,|GUATEMALA|,|2360837|,|11200035 - INST. DE RECREACION DE LOS TRAB. -IRTRA-|,|PARQUE RECREATIVO URBANO PETAPA|,|GUATEMALA|
|MINISTERIO DE AMBIENTE Y RECURSOS NATURALES|,|GUATEMALA|,|25562614|,|11130017 - MINISTERIO DE AMBIENTE Y RECURSOS NATURALES|,|UNIDAD DE COMPRAS|,|GUATEMALA|
|INSTITUTO DE FOMENTO DE HIPOTECAS ASEGURADAS -FHA-|,|GUATEMALA|,|337366|,|22110620 - INST. DE FOMENTO DE HIPOTECAS ASEGURADAS -FHA-|,|INSTITUTO DE FOMENTO DE HIPOTECAS ASEGURADAS|,|GUATEMALA|
|MUNICIPALIDAD DE JALPATAGUA, JUTIAPA|,|JUTIAPA|,|6315860|,|12102212 - MUNICIPALIDAD DE JALPATAGUA|,|TESORERIA|,|JALPATAGUA|
|MUNICIPALIDAD DE CASILLAS, SANTA ROSA|,|SANTA ROSA|,|6605338|,|12100604 - MUNICIPALIDAD DE CASILLAS|,|UNIDAD DE COMPRAS|,|CASILLAS|
|ASOCIACION DEPORTIVA NACIONAL DE TIRO CON ARMAS DE CAZA|,|GUATEMALA|,|6160522|,|null|,|ASOTAC.|,|GUATEMALA|
|MUNICIPALIDAD DE PALESTINA DE LOS ALTOS, QUETZALTENANGO|,|QUETZALTENANGO|,|6284833|,|12100924 - MUNICIPALIDAD DE PALESTINA DE LOS ALTOS|,|DEPARTAMENTO DE COMPRAS|,|PALESTINA DE LOS ALTOS|
|MUNICIPALIDAD DE SAN JOSÉ ACATEMPA, JUTIAPA|,|JUTIAPA|,|6153291|,|12102216 - MUNICIPALIDAD DE SAN JOSE ACATEMPA|,|DIRECCION MUNICIPAL DE PLANIFICACION. DMP.|,|SAN JOSE ACATEMPA|
|MUNICIPALIDAD DE SAN ANDRÉS, PETÉN|,|PETEN|,|3683168|,|12101704 - MUNICIPALIDAD DE SAN ANDRES|,|MUNICIPALIDAD DE SAN ANDRÉS|,|SAN ANDRES|
|MUNICIPALIDAD DE SANTA CRUZ DEL QUICHÉ, QUICHÉ|,|QUICHE|,|3274519|,|12101401 - MUNICIPALIDAD DE SANTA CRUZ DEL QUICHE|,|TESORERIA MUNICIPAL|,|SANTA CRUZ DEL QUICHE|
|COMISION PRESIDENCIAL COORDINADORA DE DERECHOS HUMANOS|,|GUATEMALA|,|6027334|,|11130016 - COMISION PRESIDENCIAL COORDINADORA DE DERECHOS HUMANOS|,|ADMINISTRACIÓN CENTRAL|,|GUATEMALA|
|MUNICIPALIDAD DE TEJUTLA, SAN MARCOS|,|SAN MARCOS|,|4470311|,|12101210 - MUNICIPALIDAD DE TEJUTLA|,|OFICINA MUNICIPAL DE PLANIFICACION, MUNICIPALIDAD DE TEJUTLA|,|TEJUTLA|
|MUNICIPALIDAD DE SAN JORGE|,|ZACAPA|,|87109360|,|12101911 - SAN JORGE|,|MUNICIPALIDAD DE SAN JORGE|,|Municipio pendiente de confirmación con SAT.|
|REGISTRO GENERAL DE LA PROPIEDAD|,|GUATEMALA|,|7756437|,|11140026 - REGISTRO DE LA PROPIEDAD INMUEBLE.|,|UNIDAD DE COMPRAS RGP|,|GUATEMALA|
|MUNICIPALIDAD DE CONCEPCIÓN LAS MINAS, CHIQUIMULA|,|CHIQUIMULA|,|4596889|,|12102008 - MUNICIPALIDAD DE CONCEPCION LAS MINAS|,|ADMINISTRACION FINANCIERA MUNICIPAL -AFIM-|,|CONCEPCION LAS MINAS|
|FIDEICOMISO FONDO NAC PARA LA REACTIVACION Y MODERNIZACION DE LA ACTIVIDAD AGROPECUARIA FONAGRO|,|GUATEMALA|,|1762889K|,|11130012 - MINISTERIO DE AGRICULTURA, GANADERÍA Y ALIMENTACIÓN|,|FIDEICOMISO FONAGRO|,|GUATEMALA|
|MUNICIPALIDAD DE TACANÁ, SAN MARCOS|,|SAN MARCOS|,|6596037|,|12101207 - MUNICIPALIDAD DE TACANA|,|TESORERIA MUNICIPAL DE TACANÀ, SAN MARCOS|,|TACANA|
|MUNICIPALIDAD DE JOCOTAN, CHIQUIMULA|,|CHIQUIMULA|,|4423844|,|12102004 - MUNICIPALIDAD DE JOCOTAN|,|DIRECCION MUNICIPAL DE PLANIFICACIÓN|,|JOCOTAN|
|MUNICIPALIDAD DE SANTA CATARINA PINULA, GUATEMALA|,|GUATEMALA|,|6180698|,|12100102 - MUNICIPALIDAD DE SANTA CATARINA PINULA|,|COMPRAS|,|SANTA CATARINA PINULA|
|MUNICIPALIDAD DE SAN MIGUEL IXTAGUACAN, SAN MARCOS|,|SAN MARCOS|,|634822K|,|12101205 - MUNICIPALIDAD DE SAN MIGUEL IXTAGUACAN|,|MUNICIPALIDAD DE SAN MIGUEL IXTAHUACAN|,|SAN MIGUEL IXTAHUACAN|
|MUNICIPALIDAD DE PANAJACHEL, SOLOLÁ|,|SOLOLA|,|6510744|,|12100710 - MUNICIPALIDAD DE PANAJACHEL|,|OFICINA MUNICIPAL DE PLANIFICACIÓN|,|PANAJACHEL|
|MINISTERIO DE COMUNICACIONES, INFRAESTRUCTURA Y VIVIENDA|,|GUATEMALA|,|3440915|,|11130013 - MINISTERIO DE  COMUNICACIONES, INFRAESTRUCTURA Y VIVIENDA|,|RADIODIFUSION TGW|,|GUATEMALA|
|MINISTERIO DE COMUNICACIONES, INFRAESTRUCTURA Y VIVIENDA|,|GUATEMALA|,|3440915|,|11130013 - MINISTERIO DE  COMUNICACIONES, INFRAESTRUCTURA Y VIVIENDA|,|INSIVUMEH|,|GUATEMALA|
|MINISTERIO DE COMUNICACIONES, INFRAESTRUCTURA Y VIVIENDA|,|GUATEMALA|,|3440915|,|11130013 - MINISTERIO DE  COMUNICACIONES, INFRAESTRUCTURA Y VIVIENDA|,|FONDETEL|,|GUATEMALA|
|MINISTERIO DE COMUNICACIONES, INFRAESTRUCTURA Y VIVIENDA|,|GUATEMALA|,|3440915|,|11130013 - MINISTERIO DE  COMUNICACIONES, INFRAESTRUCTURA Y VIVIENDA|,|DIRECCION GENERAL DE TRANSPORTES|,|GUATEMALA|
|MINISTERIO DE COMUNICACIONES, INFRAESTRUCTURA Y VIVIENDA|,|GUATEMALA|,|3440915|,|11130013 - MINISTERIO DE  COMUNICACIONES, INFRAESTRUCTURA Y VIVIENDA|,|FOPAVI|,|GUATEMALA|
|MINISTERIO DE COMUNICACIONES, INFRAESTRUCTURA Y VIVIENDA|,|GUATEMALA|,|3440915|,|11130013 - MINISTERIO DE  COMUNICACIONES, INFRAESTRUCTURA Y VIVIENDA|,|COMPRAS PROVIAL|,|GUATEMALA|
|MINISTERIO DE COMUNICACIONES, INFRAESTRUCTURA Y VIVIENDA|,|GUATEMALA|,|3440915|,|11130013 - MINISTERIO DE  COMUNICACIONES, INFRAESTRUCTURA Y VIVIENDA|,|OFICINA DE REGISTRO Y TRAMITE PRESUPUESTAL|,|GUATEMALA|
|MINISTERIO DE COMUNICACIONES, INFRAESTRUCTURA Y VIVIENDA|,|GUATEMALA|,|3440915|,|11130013 - MINISTERIO DE  COMUNICACIONES, INFRAESTRUCTURA Y VIVIENDA|,|SUPERINTENDENCIA DE TELECOMUNICACIONES|,|GUATEMALA|
|MUNICIPALIDAD DE QUETZALTENANGO, QUETZALTENANGO|,|QUETZALTENANGO|,|5883644|,|12100901 - MUNICIPALIDAD DE QUETZALTENANGO|,|COORDINADOR DE PUBLICACIONES|,|QUETZALTENANGO|
|MUNICIPALIDAD DE SUMPANGO, SACATEPÉQUEZ|,|SACATEPEQUEZ|,|6195539|,|12100304 - MUNICIPALIDAD DE SUMPANGO|,|TESORERÍA MUNICIPAL|,|SUMPANGO|
|MUNICIPALIDAD DE SAN MARTÍN ZAPOTITLÁN, RETALHULEU|,|RETALHULEU|,|6247784|,|12101104 - MUNICIPALIDAD DE SAN MARTIN ZAPOTITLAN|,|DIRECCIÓN MUNICIPAL DE PLANIFICACIÓN, SAN MARTÌN ZAPOTITLAN, RETALHULEU|,|SAN MARTIN ZAPOTITL AN|
|MUNICIPALIDAD DE LA LIBERTAD, PETÉN|,|PETEN|,|6871755|,|12101705 - MUNICIPALIDAD DE LA LIBERTAD|,|DMP MUNICIPALIDAD DE LA LIBERTAD, PETEN|,|LA LIBERTAD|
|INSTITUTO TÉCNICO DE CAPACITACIÓN Y PRODUCTIVIDAD -INTECAP-|,|GUATEMALA|,|3440710|,|11200034 - INST. TEC. DE CAPA. Y PRODUCTIVIDAD -INTECAP-|,|INTECAP|,|GUATEMALA|
|INSTITUTO TÉCNICO DE CAPACITACIÓN Y PRODUCTIVIDAD -INTECAP-|,|GUATEMALA|,|3440710|,|11200034 - INST. TEC. DE CAPA. Y PRODUCTIVIDAD -INTECAP-|,|DIVISION REGION CENTRAL|,|GUATEMALA|
|SECRETARIA NACIONAL DE ADMINISTRACION DE BIENES EN EXTINCION DE DOMINIO|,|GUATEMALA|,|74472283|,|11140070 - SECRETARIA NACIONAL DE ADMINISTRACION DE BIENES EN EXTINCION DE DOMINIO|,|SECCIÓN DE COMPRAS|,|GUATEMALA|
|MUNICIPALIDAD DE ESCUINTLA, ESCUINTLA|,|ESCUINTLA|,|4144139|,|12100501 - MUNICIPALIDAD DE ESCUINTLA|,|DEPARTAMENTO DE COMPRAS|,|ESCUINTLA|
|COMITE NACIONAL DE ALFABETIZACION -CONALFA-|,|GUATEMALA|,|5028434|,|11200059 - COMITE NACIONAL DE ALFABETIZACION -CONALFA-|,|UNIDAD DE COMPRAS CONALFA|,|GUATEMALA|
|MUNICIPALIDAD DE ASUNCIÓN MITA, JUTIAPA|,|JUTIAPA|,|6565867|,|12102205 - MUNICIPALIDAD DE ASUNCION MITA|,|TESORERÍA MUNICIPAL|,|ASUNCION MITA|
|MUNICIPALIDAD DE CONGUACO, JUTIAPA|,|JUTIAPA|,|6611451|,|12102213 - MUNICIPALIDAD DE CONGUACO|,|UNIDAD TECNICA|,|CONGUACO|
|MUNICIPALIDAD DE SANTA CLARA LA LAGUNA, SOLOLÁ|,|SOLOLA|,|6556116|,|12100707 - MUNICIPALIDAD DE SANTA CLARA LA LAGUNA|,|MUNICIPALIDAD DE SANTA CLARA LA LAGUNA, SOLOLÁ.-|,|SANTA CLARA LAGUNA|
|EMPRESA PORTUARIA QUETZAL -EPQ-|,|ESCUINTLA|,|3377830|,|21100075 - EMPRESA PORTUARIA QUETZAL -EPQ-|,|DEPARTAMENTO DE COMPRAS|,|PUERTO SAN JOSE|
|MUNICIPALIDAD DE SANTA CRUZ LA LAGUNA, SOLOLÁ|,|SOLOLA|,|6738931|,|12100714 - MUNICIPALIDAD DE SANTA CRUZ LA LAGUNA|,|MUNICIPALIDAD DE SANTA CRUZ LA LAGUNA, SOLOLA|,|SANTA CRUZ LAGUNA|
|MUNICIPALIDAD DE SANTA CATARINA BARAHONA,  SACATEPÉQUEZ|,|SACATEPEQUEZ|,|6185258|,|12100316 - MUNICIPALIDAD DE SANTA CATARINA BARAHONA|,|UNIDAD DE COMPRAS|,|SANTA CATARINA BARAHONA|
|MUNICIPALIDAD DE SANTA CATARINA BARAHONA,  SACATEPÉQUEZ|,|SACATEPEQUEZ|,|6185258|,|12100316 - MUNICIPALIDAD DE SANTA CATARINA BARAHONA|,|DIRECCIÓN MUNICIPAL DE PLANIFICACIÓN|,|SANTA CATARINA BARAHONA|
|MUNICIPALIDAD DE JALAPA, JALAPA|,|JALAPA|,|6683835|,|12102101 - MUNICIPALIDAD DE JALAPA|,|MUNICIPALIDAD DE JALAPA|,|JALAPA|
|MUNICIPALIDAD DE SANTA CRUZ VERAPAZ, ALTA VERAPAZ|,|ALTA VERAPAZ|,|6539432|,|12101602 - MUNICIPALIDAD DE SANTA CRUZ VERAPAZ|,|DIRECCIÓN MUNICIPAL DE PLANIFICACIÓN|,|SANTA CRUZ VERAPAZ|
|MUNICIPALIDAD DE COLOMBA, QUETZALTENANGO|,|QUETZALTENANGO|,|6578527|,|12100917 - MUNICIPALIDAD DE COLOMBA|,|DEPARTAMENTO DE COMPRAS Y CONTRATACIONES|,|COLOMBA|
|MUNICIPALIDAD DE SAN MIGUEL PETAPA, GUATEMALA|,|GUATEMALA|,|6720307|,|12100117 - MUNICIPALIDAD DE PETAPA|,|DEPARTAMENTO DE COMPRAS|,|SAN MIGUEL PETAPA|
|MUNICIPALIDAD DE CUILAPA, SANTA ROSA|,|SANTA ROSA|,|6527310|,|12100601 - MUNICIPALIDAD DE CUILAPA|,|OFICINA DE COMPRAS|,|CUILAPA|
|FEDERACION NACIONAL DE FUTBOL|,|GUATEMALA|,|2539446|,|11300068 - FEDERACION NACIONAL DE FUTBOL|,|UNIDAD DE COMPRAS FEDEFUT|,|GUATEMALA|
|MINISTERIO DE GOBERNACIÓN|,|GUATEMALA|,|2492334|,|11130005 - MINISTERIO DE GOBERNACIÓN|,|DIRECCIÓN GENERAL DE LA POLICÍA NACIONAL CIVIL -PNC-|,|GUATEMALA|
|MINISTERIO DE GOBERNACIÓN|,|JALAPA|,|2492334|,|11130005 - MINISTERIO DE GOBERNACIÓN|,|GOBERNACIÓN DEPARTAMENTAL DE JALAPA|,|JALAPA|
|MINISTERIO DE GOBERNACIÓN|,|GUATEMALA|,|2492334|,|11130005 - MINISTERIO DE GOBERNACIÓN|,|UNIDAD ESPECIAL ANTINARCOTICOS UNESA|,|GUATEMALA|
|MINISTERIO DE GOBERNACIÓN|,|GUATEMALA|,|2492334|,|11130005 - MINISTERIO DE GOBERNACIÓN|,|DIRECCION GENERAL DE SERVICIOS DE SEGURIDAD PRIVADA|,|GUATEMALA|
|MINISTERIO DE GOBERNACIÓN|,|GUATEMALA|,|2492334|,|11130005 - MINISTERIO DE GOBERNACIÓN|,|DIRECCIÓN GENERAL DE MIGRACIÓN|,|GUATEMALA|
|MINISTERIO DE GOBERNACIÓN|,|GUATEMALA|,|2492334|,|11130005 - MINISTERIO DE GOBERNACIÓN|,|DIRECCION DE SERVICIOS ADMINISTRATIVOS Y FINANCIEROS|,|GUATEMALA|
|MINISTERIO DE GOBERNACIÓN|,|GUATEMALA|,|2492334|,|11130005 - MINISTERIO DE GOBERNACIÓN|,|DIRECCIÓN GENERAL DEL DIARIO DE CENTRO AMERICA Y TIPOGRAFÍA NACIONAL|,|GUATEMALA|
|MINISTERIO DE GOBERNACIÓN|,|BAJA VERAPAZ|,|2492334|,|11130005 - MINISTERIO DE GOBERNACIÓN|,|GOBERNACIÓN DEPARTAMENTAL DE BAJA VERAPAZ|,|SALAMA|
|MINISTERIO DE GOBERNACIÓN|,|EL PROGRESO|,|2492334|,|11130005 - MINISTERIO DE GOBERNACIÓN|,|GOBERNACIÓN DEPARTAMENTAL DE EL PROGRESO|,|GUASTATOYA|
|MINISTERIO DE GOBERNACIÓN|,|GUATEMALA|,|2492334|,|11130005 - MINISTERIO DE GOBERNACIÓN|,|SUBDIRECCIÓN GENERAL DE SALUD POLICIAL -SISAP-|,|GUATEMALA|
|MINISTERIO DE GOBERNACIÓN|,|GUATEMALA|,|2492334|,|11130005 - MINISTERIO DE GOBERNACIÓN|,|SECRETARIA DE ANÁLISIS E INVESTIGACIÓN ANTINARCÓTICOS -SAIA-|,|GUATEMALA|
|MINISTERIO DE GOBERNACIÓN|,|GUATEMALA|,|2492334|,|11130005 - MINISTERIO DE GOBERNACIÓN|,|DEPARTAMENTO DE TRANSITO DE LA POLICIA NACIONAL CIVIL|,|GUATEMALA|
|MINISTERIO DE GOBERNACIÓN|,|IZABAL|,|2492334|,|11130005 - MINISTERIO DE GOBERNACIÓN|,|GOBERNACIÓN DEPARTAMENTAL DE IZABAL|,|PUERTO BARRIOS|
|INSTITUTO NACIONAL DE CIENCIAS FORENSES DE GUATEMALA|,|GUATEMALA|,|53727983|,|11200046 - INSTITUTO NACIONAL DE CIENCIAS FORENSES DE GUATEMALA|,|SECCION DE ADQUISICIONES|,|GUATEMALA|
|MUNICIPALIDAD DE LA BLANCA|,|SAN MARCOS|,|86349643|,|12101230 - LA BLANCA|,|MUNICIPALIDAD DE LA BLANCA, SAN MARCOS|,|SAN MARCOS|
|MUNICIPALIDAD DE PANZOS, ALTA VERAPAZ|,|ALTA VERAPAZ|,|4128834|,|12101607 - MUNICIPALIDAD DE PANZOS|,|MUNICIPALIDAD DE PANZOS|,|PANZOS|
|CONSEJO NACIONAL DE ADOPCIONES|,|GUATEMALA|,|57619425|,|11140067 - CONSEJO NACIONAL DE ADOPCIONES|,|CONSEJO NACIONAL DE ADOPCIONES|,|GUATEMALA|
|MINISTERIO DE ECONOMIA|,|GUATEMALA|,|3440494|,|11130011 - MINISTERIO DE ECONOMÍA|,|DIRECCION DEL SISTEMA NACIONAL DE CALIDAD|,|GUATEMALA|
|MINISTERIO DE ECONOMIA|,|GUATEMALA|,|3440494|,|11130011 - MINISTERIO DE ECONOMÍA|,|UNIDAD DE COMPRAS MICROEMPRESA|,|GUATEMALA|
|MINISTERIO DE ECONOMIA|,|GUATEMALA|,|3440494|,|11130011 - MINISTERIO DE ECONOMÍA|,|UNIDAD DE COMPRAS REGISTRO DE LA PROPIEDAD INTELECTUAL|,|GUATEMALA|
|MINISTERIO DE ECONOMIA|,|GUATEMALA|,|3440494|,|11130011 - MINISTERIO DE ECONOMÍA|,|UNIDAD DE COMPRAS SERVICIOS GENERALES|,|GUATEMALA|
|MINISTERIO DE ECONOMIA|,|GUATEMALA|,|3440494|,|11130011 - MINISTERIO DE ECONOMÍA|,|UNIDAD DE COMPRAS REGISTRO MERCANTIL|,|GUATEMALA|
|MINISTERIO DE ECONOMIA|,|GUATEMALA|,|3440494|,|11130011 - MINISTERIO DE ECONOMÍA|,|PROGRAMA DE APOYO AL COMERCIO EXTERIOR Y LA INTEGRACIÓN BID 2094|,|GUATEMALA|
|UNIDAD NACIONAL DE ATENCION AL ENFERMO RENAL CRONICO UNAERC|,|GUATEMALA|,|851853K|,|null|,|UNAERC|,|GUATEMALA|
|FEDERACION NACIONAL DE FISICO CULTURISMO|,|GUATEMALA|,|6738745|,|11300087 - FEDERACION NACIONAL DE FISICO CULTURISMO|,|UNIDAD COMPRADORA FISICOCULTURISMO|,|GUATEMALA|
|INSTITUTO DE LA DEFENSA PÚBLICA PENAL|,|GUATEMALA|,|17820197|,|11140027 - INSTITUTO DE LA DEFENSA PUBLICA PENAL|,|SECCION DE COMPRAS|,|GUATEMALA|
|MUNICIPALIDAD DE SACAPULAS, QUICHÉ|,|QUICHE|,|6792170|,|12101416 - MUNICIPALIDAD DE SACAPULAS|,|DIRECCION MUNICIPAL DE PLANIFICACION|,|SACAPULAS|
|SECRETARÍA PRESIDENCIAL DE LA MUJER|,|GUATEMALA|,|25257706|,|11130016 - SECRETARÍA PRESIDENCIAL DE LA MUJER|,|DIRECCIÓN ADMINISTRATIVA/COMPRAS|,|GUATEMALA|
|INSTITUTO NACIONAL DE COMERCIALIZACIÓN AGRÍCOLA -INDECA-|,|GUATEMALA|,|3190161|,|21100078 - INST. NAC. DE COMER. AGRICOLA -INDECA-|,|DEPARTAMENTO DE COMPRAS|,|VILLA NUEVA|
|MUNICIPALIDAD DE SAN RAFAEL PIE DE LA CUESTA, SAN MARCOS|,|SAN MARCOS|,|6596274|,|12101211 - MUNICIPALIDAD DE SAN RAFAEL PIE DE LA CUESTA|,|DEPARTAMENTO DE COMPRAS, MUNICIPALIDAD, SAN RAFAEL PIE DE LA CUESTA|,|SAN RAFAEL PIE DE LA CUESTA|
|MUNICIPALIDAD DE SAN ANTONIO PALOPO, SOLOLÁ|,|SOLOLA|,|6708722|,|12100712 - MUNICIPALIDAD DE SAN ANTONIO PALOPO|,|MUNICIPALIDAD SAN ANTONIO PALOPÓ, SOLOLÁ.|,|SAN ANTONIO PALOPO|
|MUNICIPALIDAD DE FLORES, PETÉN|,|PETEN|,|651233K|,|12101701 - MUNICIPALIDAD DE FLORES|,|DMP FLORES, PETEN|,|CIUDAD FLORES|
|MUNICIPALIDAD DE ZACAPA, ZACAPA|,|ZACAPA|,|6434347|,|12101901 - MUNICIPALIDAD DE ZACAPA|,|COMPRAS|,|ZACAPA|
|MUNICIPALIDAD DE SANTA ANA, PETÉN|,|PETEN|,|5026024|,|12101707 - MUNICIPALIDAD DE SANTA ANA|,|MUNICIPALIDAD DE SANTA ANA, PETEN|,|SANTA ANA|
|EMPRESA MUNICIPAL DE AGUA -EMPAGUA-|,|GUATEMALA|,|3306518|,|21200090 - EMPRESA MUNICIPAL DE AGUA -EMPAGUA-|,|DIRECCIÓN ADMINISTRATIVA|,|GUATEMALA|
|EMPRESA MUNICIPAL DE AGUA -EMPAGUA-|,|GUATEMALA|,|3306518|,|21200090 - EMPRESA MUNICIPAL DE AGUA -EMPAGUA-|,|DIRECCIÓN DE FACTURACIÓN Y LECTURAS|,|GUATEMALA|
|EMPRESA MUNICIPAL DE AGUA -EMPAGUA-|,|GUATEMALA|,|3306518|,|21200090 - EMPRESA MUNICIPAL DE AGUA -EMPAGUA-|,|UNIDAD  DE  COMPRAS|,|GUATEMALA|
|EMPRESA MUNICIPAL DE AGUA -EMPAGUA-|,|GUATEMALA|,|3306518|,|21200090 - EMPRESA MUNICIPAL DE AGUA -EMPAGUA-|,|MANTENIMIENTO DE OBRAS DE DRENAJE|,|GUATEMALA|
|EMPRESA MUNICIPAL DE AGUA -EMPAGUA-|,|GUATEMALA|,|3306518|,|21200090 - EMPRESA MUNICIPAL DE AGUA -EMPAGUA-|,|SISTEMA DE POZOS|,|GUATEMALA|
|EMPRESA MUNICIPAL DE AGUA -EMPAGUA-|,|GUATEMALA|,|3306518|,|21200090 - EMPRESA MUNICIPAL DE AGUA -EMPAGUA-|,|SUBGERENCIA ADMINISTRATIVA FINANCIERA|,|GUATEMALA|
|EMPRESA MUNICIPAL DE AGUA -EMPAGUA-|,|GUATEMALA|,|3306518|,|21200090 - EMPRESA MUNICIPAL DE AGUA -EMPAGUA-|,|DIRECCIÓN DE FUENTES DE PRODUCCIÓN DE AGUA SUPERFICIAL|,|GUATEMALA|
|EMPRESA MUNICIPAL DE AGUA -EMPAGUA-|,|GUATEMALA|,|3306518|,|21200090 - EMPRESA MUNICIPAL DE AGUA -EMPAGUA-|,|DIRECCIÓN DE FINANZAS|,|GUATEMALA|
|EMPRESA MUNICIPAL DE AGUA -EMPAGUA-|,|GUATEMALA|,|3306518|,|21200090 - EMPRESA MUNICIPAL DE AGUA -EMPAGUA-|,|DIRECCIÓN COMERCIAL|,|GUATEMALA|
|MUNICIPALIDAD DE COMALAPA, CHIMALTENANGO|,|CHIMALTENANGO|,|6150004|,|12100404 - MUNICIPALIDAD DE COMALAPA|,|MUNI COMALAPA|,|SAN JUAN COMALAPA|
|MUNICIPALIDAD DE MELCHOR DE MENCOS, PETÉN|,|PETEN|,|3683303|,|12101711 - MUNICIPALIDAD DE MELCHOR DE MENCOS|,|UNIDAD DE COMPRAS|,|MELCHOR DE MENCOS|
|MUNICIPALIDAD DE SAN FRANCISCO LA UNIÓN, QUETZALTENANGO|,|QUETZALTENANGO|,|6581412|,|12100918 - MUNICIPALIDAD DE SAN FRANCISCO LA UNION|,|DEPTO. DE COMPRAS|,|SAN FRANCISCO LA UNION|
|MUNICIPALIDAD DE SIQUINALA, ESCUINTLA|,|ESCUINTLA|,|4144082|,|12100504 - MUNICIPALIDAD DE SIQUINALA|,|COMPRAS|,|SIQUINAL|
|ASOCIACIÓN DE USUARIOS DE LA UNIDAD DE RIEGO LA FRAGUA|,|ZACAPA|,|17975441|,|null|,|ASOCIACIÓN DE USUARIOS DE LA UNIDAD DE RIEGO LA FRAGUA|,|Municipio pendiente de confirmación con SAT.|
|ESCUELA NACIONAL CENTRAL DE AGRICULTURA -ENCA-|,|GUATEMALA|,|4998952|,|11300063 - ESCUELA NAC. CENTRAL DE AGRI. - ENCA-.|,|UNIDAD DE LOGISTICA|,|VILLA NUEVA|
|COMISIÓN NACIONAL DE ENERGIA ELÉCTRICA|,|GUATEMALA|,|9299661|,|11140073 - COMISION NACIONAL DE ENERGIA ELECTRICA|,|CNEE|,|GUATEMALA|
|INSTITUTO NACIONAL DE ESTADÍSTICA -INE-|,|GUATEMALA|,|3440516|,|11200030 - INSTITUTO NACIONAL DE ESTADISTICA  -INE-|,|UNIDAD COMPRADORA CENTRAL INE|,|GUATEMALA|
|MUNICIPALIDAD DE EL PALMAR, QUETZALTENANGO|,|QUETZALTENANGO|,|6262058|,|12100919 - MUNICIPALIDAD DE EL PALMAR|,|TESORERIA MUNICIPAL|,|EL PALMAR|
|MUNICIPALIDAD DE GUALAN, ZACAPA|,|ZACAPA|,|6336051|,|12101904 - MUNICIPALIDAD DE GUALAN|,|DEPARTAMENTO DE COMPRAS|,|GUALAN|
|INSTITUTO DE PREVISIÓN MILITAR -IPM-|,|GUATEMALA|,|3441121|,|11400069 - INSTITUTO DE PREVISION MILITAR   -IPM-|,|UNIDAD DE COMPRAS GENERAL|,|GUATEMALA|
|SUPERINTENDENCIA DE ADMINISTRACION TRIBUTARIA -SAT-|,|ESCUINTLA|,|16693949|,|11200056 - SUPERINTENDENCIA DE ADMINISTRACION TRIBUTARIA - SAT|,|DEPARTAMENTO ADMINISTRATIVO FINANCIERO REGIÓN SUR|,|ESCUINTLA|
|SUPERINTENDENCIA DE ADMINISTRACION TRIBUTARIA -SAT-|,|GUATEMALA|,|16693949|,|11200056 - SUPERINTENDENCIA DE ADMINISTRACION TRIBUTARIA - SAT|,|SAT - GERENCIA REGIONAL CENTRAL|,|GUATEMALA|
|SUPERINTENDENCIA DE ADMINISTRACION TRIBUTARIA -SAT-|,|ZACAPA|,|16693949|,|11200056 - SUPERINTENDENCIA DE ADMINISTRACION TRIBUTARIA - SAT|,|SAT - GERENCIA REGIONAL NORORIENTE|,|ZACAPA|
|SUPERINTENDENCIA DE ADMINISTRACION TRIBUTARIA -SAT-|,|GUATEMALA|,|16693949|,|11200056 - SUPERINTENDENCIA DE ADMINISTRACION TRIBUTARIA - SAT|,|DEPARTAMENTO DE COMPRAS Y CONTRATACIONES|,|GUATEMALA|
|SUPERINTENDENCIA DE ADMINISTRACION TRIBUTARIA -SAT-|,|QUETZALTENANGO|,|16693949|,|11200056 - SUPERINTENDENCIA DE ADMINISTRACION TRIBUTARIA - SAT|,|SAT - GERENCIA REGIONAL OCCIDENTE|,|QUETZALTENANGO|
|ENTIDAD METROPOLITANA REGULADORA DE TRANSPORTE Y TRANSITO|,|GUATEMALA|,|835782K|,|12200001 - ENTIDAD MET. REGUL. DE TRANSPORTE Y TRANSITO DEL MUN. DE GUAT. Y SUS AREAS DE INFLUENCIA U.|,|UNIDAD COMPRADORA EMETRA|,|GUATEMALA|
|FIDEICOMISO DE ADMINISTRACION E INVERSION DEL FONDO NACIONAL PARA LA CONSERVACION DE LA NATURALEZA|,|GUATEMALA|,|12095249|,|11130016 - CONSEJO NACIONAL DE AREAS PROTEGIDAS|,|GERENCIA EJECUTIVA DE FONACON|,|GUATEMALA|
|MUNICIPALIDAD DE ESQUIPULAS, CHIQUIMULA|,|CHIQUIMULA|,|4485807|,|12102007 - MUNICIPALIDAD DE ESQUIPULAS|,|TESORERIA DE ESQUIPULAS|,|ESQUIPULAS|
|MUNICIPALIDAD DE TIQUISATE, ESCUINTLA|,|ESCUINTLA|,|2348969|,|12100506 - MUNICIPALIDAD DE TIQUISATE|,|DIRECCION MUNICIPAL DE PLANIFICACION|,|PUEBLO NUEVO TIQUISATE|
|MINISTERIO PÚBLICO|,|GUATEMALA|,|7522517|,|11140022 - MINISTERIO PÚBLICO|,|SECCION DE COMPRAS|,|GUATEMALA|
|ASOCIACIÓN OBRAS SOCIALES DEL SANTO HERMANO PEDRO, F.F.|,|SACATEPEQUEZ|,|5461987|,|null|,|CONTABILIDAD GUBERNAMENTAL 01|,|ANTIGUA GUATEMALA|
|MUNICIPALIDAD DE CHIQUIMULA, CHIQUIMULA|,|CHIQUIMULA|,|4423763|,|12102001 - MUNICIPALIDAD DE CHIQUIMULA|,|MUNICIPALIDAD DE CHIQUIMULA|,|CHIQUIMULA|
|MUNICIPALIDAD DE SAN GASPAR IXCHIL, HUEHUETENANGO|,|HUEHUETENANGO|,|2844633K|,|12101329 - MUNICIPALIDAD DE SAN GASPAR IXCHIL|,|OFICINA Y DIRECCIÓN MUNICIPAL DE PLANIFICACION|,|SAN GASPAR IXCHIL|
|MUNICIPALIDAD DE JOCOTENANGO, SACATEPÉQUEZ|,|SACATEPEQUEZ|,|6262708|,|12100302 - MUNICIPALIDAD DE JOCOTENANGO|,|DEPARTAMENTO DE COMPRAS MUNI JOCOTENANGO|,|JOCOTENANGO|
|MUNICIPALIDAD DE GUAZACAPAN, SANTA ROSA|,|SANTA ROSA|,|6264727|,|12100611 - MUNICIPALIDAD DE GUAZACAPAN|,|TESORERIA_OMP|,|GUAZACAPAN|
|MUNICIPALIDAD DE GUAZACAPAN, SANTA ROSA|,|SANTA ROSA|,|6264727|,|12100611 - MUNICIPALIDAD DE GUAZACAPAN|,|DEPARTAMENTO DE COMPRAS Y CONTRATACIONES|,|GUAZACAPAN|
|INSTITUTO DE FOMENTO MUNICIPAL  -INFOM-|,|GUATEMALA|,|974250|,|11200054 - INSTITUTO DE FOMENTO MUNICIPAL  -INFOM-|,|COMPRAS UDAF -INFOM|,|GUATEMALA|
|MUNICIPALIDAD DE SANTA BARBARA, HUEHUETENANGO|,|HUEHUETENANGO|,|6702201|,|12101310 - MUNICIPALIDAD DE SANTA BARBARA|,|DEPARTAMENTO DE COMPRAS|,|SANTA BARBARA|
|MUNICIPALIDAD DE SANTA APOLONIA, CHIMALTENANGO|,|CHIMALTENANGO|,|6180949|,|12100405 - MUNICIPALIDAD DE SANTA APOLONIA|,|DMP, M SANTA APOLONIA|,|CHIMALTENANGO|
|MUNICIPALIDAD DE SAN JOSE EL ÍDOLO, SUCHITEPÉQUEZ|,|SUCHITEPEQUEZ|,|6584896|,|12101005 - MUNICIPALIDAD DE SAN JOSE EL IDOLO|,|DIRECCION MUNICIPAL DE PLANIFICACION|,|SAN JOSE EL IDOLO|
|MUNICIPALIDAD DE SAN CARLOS SIJA, QUETZALTENANGO|,|QUETZALTENANGO|,|6037127|,|12100904 - MUNICIPALIDAD DE SAN CARLOS SIJA|,|OFICINA MUNICIPAL DE PLANIFICACION|,|SAN CARLOS SIJA|
|MINISTERIO DE RELACIONES EXTERIORES|,|GUATEMALA|,|3377946|,|11130004 - MINISTERIO DE RELACIONES   EXTERIORES|,|UNIDAD COMPRADORA DE LIMITES Y AGUAS INTERNACIONALES|,|GUATEMALA|
|MINISTERIO DE RELACIONES EXTERIORES|,|GUATEMALA|,|3377946|,|11130004 - MINISTERIO DE RELACIONES   EXTERIORES|,|UNIDAD COMPRADORA GENERAL UDAF_MRE|,|GUATEMALA|
|MUNICIPALIDAD DE CHIQUIMULILLA, SANTA ROSA|,|SANTA ROSA|,|6247520|,|12100608 - MUNICIPALIDAD DE CHIQUIMULILLA|,|TESORERÍA MUNICIPAL, CHIQUIMULILLA, SANTA ROSA|,|CHIQUIMULILLA|
|UNIDAD DE CIRUGIA CARDIOVASCULAR DE GUATEMALA|,|GUATEMALA|,|6699723|,|null|,|UNICAR|,|GUATEMALA|
|MUNICIPALIDAD DE ZARAGOZA, CHIMALTENANGO|,|CHIMALTENANGO|,|6205097|,|12100415 - MUNICIPALIDAD DE ZARAGOZA|,|DIRECCION MUNICIPAL DE PLANIFICACION|,|ZARAGOZA|
|MANCOMUNIDAD DE MUNICIPIOS DE LA CUENCA DEL RIO NARANJO-MANCUERNA-|,|SAN MARCOS|,|35233400|,|12400005 - MANCOMUNIDAD DE MUNICIPALIDADES DE LA CUENCA DEL RIO EL NARANJO|,|COMPRAS MANCUERNA2|,|SAN MARCOS|
|MUNICIPALIDAD DE SANTA LUCIA COTZUMALGUAPA, ESCUINTLA|,|ESCUINTLA|,|4250702|,|12100502 - MUNICIPALIDAD DE SANTA LUCIA COTZUMALGUAPA|,|DEPARTAMENTO DE COMPRAS|,|SANTA LUC!A COTZUMALGUAPA|
|FIDEICOMISO DE APOYO A LA PLANIFICACION URBANA|,|GUATEMALA|,|19602227|,|12100101 - MUNICIPALIDAD DE GUATEMALA|,|SUBDIRECCION DE VALUACION INMOBILIARIA MUNICIPAL (SVIM)|,|GUATEMALA|
|FIDEICOMISO DE APOYO A LA PLANIFICACION URBANA|,|GUATEMALA|,|19602227|,|12100101 - MUNICIPALIDAD DE GUATEMALA|,|DIRECCION DE CATASTRO Y ADMINISTRACION DE IUSI|,|GUATEMALA|
|MUNICIPALIDAD DE SAN JOSÉ PINULA, GUATEMALA|,|GUATEMALA|,|6539564|,|12100103 - MUNICIPALIDAD DE SAN JOSE PINULA|,|DEPARTAMENTO DE COMPRAS|,|SAN JOSE PINULA|
|MUNICIPALIDAD DE MOYUTA, JUTIAPA|,|JUTIAPA|,|5583934|,|12102214 - MUNICIPALIDAD DE MOYUTA|,|MUNICIPALIDAD DE MOYUTA|,|MOYUTA|
|BANCO DE GUATEMALA|,|GUATEMALA|,|320587|,|22210633 - BANCO DE GUATEMALA|,|UNIDAD DE PROVEEDURIA - COMPRAS Y CONTROL PRESUPUESTARIO DE EGRESOS|,|GUATEMALA|
|MUNICIPALIDAD DE MONJAS, JALAPA|,|JALAPA|,|6948308|,|12102106 - MUNICIPALIDAD DE MONJAS|,|MUNICIPALIDAD DE MONJAS.|,|MONJAS|
|MUNICIPALIDAD DE SAN PABLO JOCOPILAS, SUCHITEPÉQUEZ|,|SUCHITEPEQUEZ|,|4976339|,|12101009 - MUNICIPALIDAD DE SAN PABLO JOCOPILAS|,|MUNICIPALIDAD DE SAN PABLO JOCOPILAS SUCHITEPEQUEZ|,|SAN PABLO JOCOPILAS|
|FONDO DE TIERRAS|,|GUATEMALA|,|22953213|,|11200057 - FONDO DE TIERRAS|,|UNIDAD DE COMPRAS|,|GUATEMALA|
|MUNICIPALIDAD DE SAN ANTONIO SUCHITEPEQUEZ, SUCHITEPÉQUEZ|,|SUCHITEPEQUEZ|,|6624421|,|12101010 - MUNICIPALIDAD DE SAN ANTONIO SUCHITEPEQUEZ|,|ENCARGADO DE COMPRAS|,|SAN ANTONIO SUCHITEPEQUEZ|
|ASOCIACIÓN DE USUARIOS DE LA UNIDAD DE RIEGO LLANO DE PIEDRAS, ZACAPA|,|ZACAPA|,|22435212|,|null|,|ASOCIACIÓN DE USUARIOS DE LA UNIDAD DE RIEGO LLANO DE PIEDRAS|,|Municipio pendiente de confirmación con SAT.|
|MUNICIPALIDAD DE NEBAJ, QUICHÉ|,|QUICHE|,|6768091|,|12101413 - MUNICIPALIDAD DE NEBAJ|,|DIRECCIÓN MUNICIPAL DE PLANIFICACIÓN|,|NEBAJ|
|SECRETARIA DE SEGURIDAD ALIMENTARIA Y NUTRICIONAL PRESIDENCIA DE LA REPUBLICA|,|GUATEMALA|,|41255674|,|11130016 - SECRETARÍA DE SEGURIDAD ALIMENTARIA Y NUTRICIONAL DE LA PRESIDENCIA DE LA REPUBLICA|,|DIRECCION FINANCIERA|,|GUATEMALA|
|INSTITUTO DE CIENCIA Y TECNOLOGIA AGRÍCOLAS -ICTA-|,|GUATEMALA|,|1723758|,|11200041 - INST. DE CIENCIA Y TECNOLOGIA AGRICOLAS -ICTA-|,|UNIDAD DE COMPRAS REGION CENTRAL|,|VILLA NUEVA|
|MUNICIPALIDAD DE SANTA ANA HUISTA, HUEHUETENANGO|,|HUEHUETENANGO|,|5986508|,|12101331 - MUNICIPALIDAD DE SANTA ANA HUISTA|,|CONSTRUCCION DE OBRAS MUNICIPALES|,|SANTA ANA HUISTA|
|MUNICIPALIDAD DE OSTUNCALCO, QUETZALTENANGO|,|QUETZALTENANGO|,|6558313|,|12100909 - MUNICIPALIDAD DE OSTUNCALCO|,|DIRECCION MUNICIPAL DE PLANIFICACION|,|SAN JUAN OSTUNCALCO|
|MUNICIPALIDAD DE MORALES, IZABAL|,|IZABAL|,|4203437|,|12101804 - MUNICIPALIDAD DE MORALES|,|DIRECCION MUNICIPAL DE PLANIFICACION|,|MORALES|
|MUNICIPALIDAD DE OLOPA, CHIQUIMULA|,|CHIQUIMULA|,|6617603|,|12102006 - MUNICIPALIDAD DE OLOPA|,|DIRECCION DE ADMINISTRACION FINANCIERA INTEGRADA MUNICIPAL|,|OLOPA|
|MUNICIPALIDAD DE SAN JACINTO, CHIQUIMULA|,|CHIQUIMULA|,|4423933|,|12102010 - MUNICIPALIDAD DE SAN JACINTO|,|DIRECCION MUNICIPAL DE PLANIFICACION|,|SAN JACINTO|
|MUNICIPALIDAD DE PAJAPITA, SAN MARCOS|,|SAN MARCOS|,|6437222|,|12101222 - MUNICIPALIDAD DE PAJAPITA|,|DIRECCION MUNICIPAL DE PLANIFICACION -DMP-|,|PAJAPITA|
|MUNICIPALIDAD DE PAJAPITA, SAN MARCOS|,|SAN MARCOS|,|6437222|,|12101222 - MUNICIPALIDAD DE PAJAPITA|,|DIRECCION ADMINISTRATIVA FINANCIERA MUNICIPAL|,|PAJAPITA|
|SECRETARÍA DE LA PAZ|,|GUATEMALA|,|7372167|,|11130016 - SECRETARÍA DE LA PAZ|,|COMPRAS SECRETARIA DE LA PAZ|,|GUATEMALA|
|ASOCIACION PARA EL DESARROLLO INTEGRAL DE NORORIENTE -ADIN-|,|ZACAPA|,|33125090|,|null|,|ESCUELA DE AGRICULTURA DE NORORIENTE -EANOR-|,|ZACAPA|
|MUNICIPALIDAD DE SAN BERNARDINO, SUCHITEPÉQUEZ|,|SUCHITEPEQUEZ|,|4211839|,|12101004 - MUNICIPALIDAD DE SAN BERNARDINO|,|MUNICIPALIDAD DE SAN BERNARDINO SUCHITÉQUEZ|,|SAN BERNARDINO|
